datetime,symbol,open,high,low,close,volume
2017-12-18 07:00:00,CME:BTC1!,20650.0,20650.0,18345.0,19100.0,1054.0
2017-12-19 07:00:00,CME:BTC1!,19135.0,19725.0,17180.0,18200.0,559.0
2017-12-20 07:00:00,CME:BTC1!,17745.0,18350.0,16435.0,17040.0,784.0
2017-12-21 07:00:00,CME:BTC1!,16400.0,17270.0,15080.0,15330.0,879.0
2017-12-22 07:00:00,CME:BTC1!,15595.0,15825.0,12265.0,14135.0,2374.0
2017-12-25 07:00:00,CME:BTC1!,13900.0,16100.0,13700.0,15785.0,406.0
2017-12-27 07:00:00,CME:BTC1!,15655.0,16545.0,14460.0,14690.0,507.0
2017-12-28 07:00:00,CME:BTC1!,15150.0,15280.0,13360.0,13745.0,746.0
2017-12-29 07:00:00,CME:BTC1!,13965.0,15005.0,13835.0,14470.0,1078.0
2018-01-01 07:00:00,CME:BTC1!,13955.0,15245.0,13080.0,14855.0,734.0
2018-01-03 07:00:00,CME:BTC1!,14900.0,15450.0,14650.0,14975.0,719.0
2018-01-04 07:00:00,CME:BTC1!,14925.0,15470.0,14205.0,14900.0,760.0
2018-01-05 07:00:00,CME:BTC1!,15085.0,16845.0,14870.0,16590.0,814.0
2018-01-08 07:00:00,CME:BTC1!,16425.0,16455.0,13870.0,14905.0,958.0
2018-01-09 07:00:00,CME:BTC1!,14675.0,15365.0,14185.0,14750.0,863.0
2018-01-10 07:00:00,CME:BTC1!,14405.0,14720.0,13480.0,14450.0,887.0
2018-01-11 07:00:00,CME:BTC1!,14500.0,14910.0,12820.0,13385.0,1298.0
2018-01-12 07:00:00,CME:BTC1!,13000.0,14080.0,12850.0,13945.0,787.0
2018-01-15 07:00:00,CME:BTC1!,13600.0,14280.0,11160.0,11160.0,2552.0
2018-01-17 07:00:00,CME:BTC1!,11190.0,11800.0,9225.0,10945.0,2657.0
2018-01-18 07:00:00,CME:BTC1!,11125.0,12075.0,10645.0,11815.0,1708.0
2018-01-19 07:00:00,CME:BTC1!,11335.0,12030.0,10990.0,11360.0,979.0
2018-01-22 07:00:00,CME:BTC1!,11300.0,11830.0,9955.0,10355.0,1137.0
2018-01-23 07:00:00,CME:BTC1!,10625.0,11350.0,9865.0,11095.0,1241.0
2018-01-24 07:00:00,CME:BTC1!,10920.0,11450.0,10490.0,11155.0,232.0
2018-01-25 07:00:00,CME:BTC1!,11450.0,11660.0,10830.0,11200.0,380.0
2018-01-26 07:00:00,CME:BTC1!,11060.0,11620.0,10250.0,10965.0,573.0
2018-01-29 07:00:00,CME:BTC1!,11510.0,11775.0,10970.0,11170.0,463.0
2018-01-30 07:00:00,CME:BTC1!,11120.0,11245.0,9720.0,9940.0,1137.0
2018-01-31 07:00:00,CME:BTC1!,10000.0,10275.0,9500.0,10000.0,842.0
2018-02-01 07:00:00,CME:BTC1!,10020.0,10175.0,8480.0,9090.0,1485.0
2018-02-02 07:00:00,CME:BTC1!,8890.0,9075.0,7750.0,8585.0,2535.0
2018-02-05 07:00:00,CME:BTC1!,8305.0,8315.0,6870.0,7260.0,2186.0
2018-02-06 07:00:00,CME:BTC1!,6850.0,7920.0,5970.0,7550.0,2234.0
2018-02-07 07:00:00,CME:BTC1!,7620.0,8540.0,7235.0,8245.0,1379.0
2018-02-08 07:00:00,CME:BTC1!,7790.0,8690.0,7645.0,8325.0,906.0
2018-02-09 07:00:00,CME:BTC1!,8165.0,8770.0,7715.0,8610.0,764.0
2018-02-12 07:00:00,CME:BTC1!,8380.0,8920.0,8075.0,8860.0,679.0
2018-02-13 07:00:00,CME:BTC1!,8925.0,9000.0,8335.0,8700.0,550.0
2018-02-14 07:00:00,CME:BTC1!,8505.0,9390.0,8505.0,9290.0,944.0
2018-02-15 07:00:00,CME:BTC1!,9400.0,10180.0,9375.0,10090.0,1783.0
2018-02-16 07:00:00,CME:BTC1!,10090.0,10265.0,9675.0,10020.0,1101.0
2018-02-19 07:00:00,CME:BTC1!,10350.0,11760.0,10315.0,11735.0,2080.0
2018-02-21 07:00:00,CME:BTC1!,11220.0,11280.0,10260.0,10370.0,623.0
2018-02-22 07:00:00,CME:BTC1!,10500.0,10865.0,9760.0,10095.0,530.0
2018-02-23 07:00:00,CME:BTC1!,9880.0,10340.0,9530.0,9950.0,0.0
2018-02-26 07:00:00,CME:BTC1!,9680.0,10390.0,9270.0,10250.0,745.0
2018-02-27 07:00:00,CME:BTC1!,10285.0,10875.0,10100.0,10660.0,761.0
2018-02-28 07:00:00,CME:BTC1!,10665.0,11005.0,10330.0,10645.0,1130.0
2018-03-01 07:00:00,CME:BTC1!,10450.0,11100.0,10220.0,11065.0,1345.0
2018-03-02 07:00:00,CME:BTC1!,11035.0,11215.0,10760.0,11060.0,748.0
2018-03-05 07:00:00,CME:BTC1!,11350.0,11700.0,11340.0,11615.0,990.0
2018-03-06 07:00:00,CME:BTC1!,11595.0,11655.0,10570.0,10650.0,1580.0
2018-03-07 07:00:00,CME:BTC1!,10735.0,10880.0,9385.0,9790.0,1888.0
2018-03-08 07:00:00,CME:BTC1!,9970.0,10100.0,9105.0,9400.0,2524.0
2018-03-09 07:00:00,CME:BTC1!,9350.0,9445.0,8390.0,9015.0,2742.0
2018-03-12 06:00:00,CME:BTC1!,9490.0,9940.0,8735.0,8910.0,2732.0
2018-03-13 06:00:00,CME:BTC1!,9165.0,9515.0,8825.0,9070.0,3375.0
2018-03-14 06:00:00,CME:BTC1!,8905.0,9395.0,8185.0,8275.0,2638.0
2018-03-15 06:00:00,CME:BTC1!,8005.0,8450.0,7700.0,8235.0,3093.0
2018-03-16 06:00:00,CME:BTC1!,8340.0,8640.0,7885.0,8555.0,3065.0
2018-03-19 06:00:00,CME:BTC1!,8275.0,8720.0,8100.0,8400.0,2746.0
2018-03-20 06:00:00,CME:BTC1!,8420.0,9025.0,8320.0,8945.0,2050.0
2018-03-21 06:00:00,CME:BTC1!,8990.0,9185.0,8775.0,8890.0,1829.0
2018-03-22 06:00:00,CME:BTC1!,8905.0,9095.0,8500.0,8630.0,2123.0
2018-03-23 06:00:00,CME:BTC1!,8650.0,8770.0,8270.0,8615.0,2895.0
2018-03-26 06:00:00,CME:BTC1!,8650.0,8650.0,7840.0,7910.0,2433.0
2018-03-27 06:00:00,CME:BTC1!,8220.0,8235.0,7790.0,7915.0,626.0
2018-03-28 06:00:00,CME:BTC1!,7920.0,8090.0,7745.0,7900.0,493.0
2018-03-29 06:00:00,CME:BTC1!,7895.0,8010.0,7070.0,7335.0,1684.0
2018-04-02 06:00:00,CME:BTC1!,6905.0,7150.0,6775.0,6990.0,3539.0
2018-04-03 06:00:00,CME:BTC1!,6975.0,7520.0,6965.0,7460.0,2274.0
2018-04-04 06:00:00,CME:BTC1!,7430.0,7440.0,6725.0,6860.0,2951.0
2018-04-05 06:00:00,CME:BTC1!,6790.0,6925.0,6550.0,6760.0,4565.0
2018-04-06 06:00:00,CME:BTC1!,6760.0,6890.0,6485.0,6630.0,2415.0
2018-04-09 06:00:00,CME:BTC1!,7025.0,7225.0,6605.0,6675.0,3348.0
2018-04-10 06:00:00,CME:BTC1!,6705.0,6880.0,6640.0,6840.0,1882.0
2018-04-11 06:00:00,CME:BTC1!,6860.0,6970.0,6785.0,6920.0,1746.0
2018-04-12 06:00:00,CME:BTC1!,6920.0,8105.0,6660.0,7680.0,4825.0
2018-04-13 06:00:00,CME:BTC1!,7790.0,8235.0,7760.0,8105.0,3045.0
2018-04-16 06:00:00,CME:BTC1!,8005.0,8445.0,7880.0,7980.0,3858.0
2018-04-17 06:00:00,CME:BTC1!,8015.0,8180.0,7805.0,7885.0,2676.0
2018-04-18 06:00:00,CME:BTC1!,7870.0,8240.0,7860.0,8125.0,2826.0
2018-04-19 06:00:00,CME:BTC1!,8190.0,8315.0,8100.0,8260.0,2718.0
2018-04-20 06:00:00,CME:BTC1!,8300.0,8585.0,8235.0,8540.0,2318.0
2018-04-23 06:00:00,CME:BTC1!,8910.0,9015.0,8775.0,8845.0,2952.0
2018-04-24 06:00:00,CME:BTC1!,8965.0,9465.0,8920.0,9455.0,4681.0
2018-04-25 06:00:00,CME:BTC1!,9575.0,9750.0,8780.0,9000.0,795.0
2018-04-26 06:00:00,CME:BTC1!,9190.0,9265.0,8670.0,8895.0,526.0
2018-04-27 06:00:00,CME:BTC1!,9135.0,9420.0,8940.0,9080.0,2190.0
2018-04-30 06:00:00,CME:BTC1!,9375.0,9495.0,9140.0,9365.0,2999.0
2018-05-01 06:00:00,CME:BTC1!,9285.0,9315.0,8815.0,8985.0,3143.0
2018-05-02 06:00:00,CME:BTC1!,9070.0,9210.0,8985.0,9150.0,2093.0
2018-05-03 06:00:00,CME:BTC1!,9245.0,9805.0,9180.0,9675.0,4177.0
2018-05-04 06:00:00,CME:BTC1!,9710.0,9840.0,9540.0,9670.0,3762.0
2018-05-07 06:00:00,CME:BTC1!,9605.0,9705.0,9160.0,9435.0,4705.0
2018-05-08 06:00:00,CME:BTC1!,9410.0,9490.0,9010.0,9235.0,4435.0
2018-05-09 06:00:00,CME:BTC1!,9185.0,9375.0,8955.0,9280.0,3015.0
2018-05-10 06:00:00,CME:BTC1!,9255.0,9415.0,9040.0,9090.0,3063.0
2018-05-11 06:00:00,CME:BTC1!,9110.0,9125.0,8380.0,8625.0,4980.0
2018-05-14 06:00:00,CME:BTC1!,8660.0,8900.0,8285.0,8755.0,5754.0
2018-05-15 06:00:00,CME:BTC1!,8735.0,8850.0,8435.0,8555.0,4222.0
2018-05-16 06:00:00,CME:BTC1!,8475.0,8545.0,8115.0,8250.0,4978.0
2018-05-17 06:00:00,CME:BTC1!,8290.0,8460.0,8115.0,8180.0,2872.0
2018-05-18 06:00:00,CME:BTC1!,8225.0,8275.0,7915.0,8230.0,3390.0
2018-05-21 06:00:00,CME:BTC1!,8525.0,8680.0,8320.0,8375.0,2701.0
2018-05-22 06:00:00,CME:BTC1!,8345.0,8420.0,8070.0,8180.0,2341.0
2018-05-23 06:00:00,CME:BTC1!,8075.0,8075.0,7445.0,7600.0,672.0
2018-05-24 06:00:00,CME:BTC1!,7500.0,7730.0,7275.0,7600.0,713.0
2018-05-25 06:00:00,CME:BTC1!,7525.0,7675.0,7330.0,7440.0,2069.0
2018-05-28 06:00:00,CME:BTC1!,7190.0,7580.0,7050.0,7495.0,5052.0
2018-05-30 06:00:00,CME:BTC1!,7505.0,7620.0,7270.0,7320.0,2471.0
2018-05-31 06:00:00,CME:BTC1!,7335.0,7660.0,7335.0,7545.0,2102.0
2018-06-01 06:00:00,CME:BTC1!,7550.0,7620.0,7300.0,7440.0,2197.0
2018-06-04 06:00:00,CME:BTC1!,7715.0,7900.0,7460.0,7500.0,1625.0
2018-06-05 06:00:00,CME:BTC1!,7515.0,7670.0,7360.0,7625.0,2069.0
2018-06-06 06:00:00,CME:BTC1!,7605.0,7695.0,7485.0,7540.0,1450.0
2018-06-07 06:00:00,CME:BTC1!,7695.0,7780.0,7640.0,7705.0,1437.0
2018-06-08 06:00:00,CME:BTC1!,7670.0,7705.0,7540.0,7655.0,1301.0
2018-06-11 06:00:00,CME:BTC1!,7120.0,7120.0,6610.0,6750.0,3861.0
2018-06-12 06:00:00,CME:BTC1!,6770.0,6890.0,6425.0,6500.0,3875.0
2018-06-13 06:00:00,CME:BTC1!,6470.0,6620.0,6100.0,6270.0,5146.0
2018-06-14 06:00:00,CME:BTC1!,6275.0,6705.0,6250.0,6635.0,4461.0
2018-06-15 06:00:00,CME:BTC1!,6670.0,6670.0,6440.0,6530.0,2485.0
2018-06-18 06:00:00,CME:BTC1!,6495.0,6785.0,6340.0,6695.0,2794.0
2018-06-19 06:00:00,CME:BTC1!,6710.0,6840.0,6650.0,6735.0,1563.0
2018-06-20 06:00:00,CME:BTC1!,6705.0,6815.0,6545.0,6745.0,2108.0
2018-06-21 06:00:00,CME:BTC1!,6705.0,6780.0,6670.0,6710.0,1135.0
2018-06-22 06:00:00,CME:BTC1!,6705.0,6735.0,5960.0,6165.0,3832.0
2018-06-25 06:00:00,CME:BTC1!,6150.0,6345.0,6065.0,6245.0,4762.0
2018-06-26 06:00:00,CME:BTC1!,6255.0,6275.0,6120.0,6160.0,3173.0
2018-06-27 06:00:00,CME:BTC1!,6190.0,6190.0,5975.0,6135.0,875.0
2018-06-28 06:00:00,CME:BTC1!,6095.0,6135.0,5985.0,6065.0,521.0
2018-06-29 06:00:00,CME:BTC1!,5895.0,5930.0,5755.0,5865.0,2512.0
2018-07-02 06:00:00,CME:BTC1!,6275.0,6680.0,6260.0,6625.0,3977.0
2018-07-03 06:00:00,CME:BTC1!,6645.0,6660.0,6530.0,6580.0,0.0
2018-07-04 06:00:00,CME:BTC1!,6690.0,6700.0,6430.0,6505.0,6739.0
2018-07-06 06:00:00,CME:BTC1!,6490.0,6640.0,6430.0,6565.0,2038.0
2018-07-09 06:00:00,CME:BTC1!,6745.0,6760.0,6645.0,6695.0,1765.0
2018-07-10 06:00:00,CME:BTC1!,6695.0,6785.0,6295.0,6355.0,3084.0
2018-07-11 06:00:00,CME:BTC1!,6355.0,6380.0,6245.0,6330.0,2719.0
2018-07-12 06:00:00,CME:BTC1!,6355.0,6365.0,6110.0,6160.0,3076.0
2018-07-13 06:00:00,CME:BTC1!,6160.0,6340.0,6060.0,6165.0,3558.0
2018-07-16 06:00:00,CME:BTC1!,6370.0,6710.0,6320.0,6675.0,3171.0
2018-07-17 06:00:00,CME:BTC1!,6665.0,7470.0,6655.0,7305.0,5582.0
2018-07-18 06:00:00,CME:BTC1!,7385.0,7595.0,7240.0,7395.0,6956.0
2018-07-19 06:00:00,CME:BTC1!,7325.0,7510.0,7275.0,7450.0,4580.0
2018-07-20 06:00:00,CME:BTC1!,7435.0,7700.0,7270.0,7340.0,6978.0
2018-07-23 06:00:00,CME:BTC1!,7380.0,7820.0,7335.0,7735.0,8545.0
2018-07-24 06:00:00,CME:BTC1!,7740.0,8365.0,7680.0,8260.0,11464.0
2018-07-25 06:00:00,CME:BTC1!,8290.0,8490.0,8020.0,8135.0,1073.0
2018-07-26 06:00:00,CME:BTC1!,8250.0,8300.0,8110.0,8255.0,918.0
2018-07-27 06:00:00,CME:BTC1!,7980.0,8260.0,7775.0,8200.0,9284.0
2018-07-30 06:00:00,CME:BTC1!,8140.0,8265.0,7845.0,8100.0,8136.0
2018-07-31 06:00:00,CME:BTC1!,8120.0,8200.0,7640.0,7730.0,9415.0
2018-08-01 06:00:00,CME:BTC1!,7695.0,7760.0,7440.0,7545.0,9125.0
2018-08-02 06:00:00,CME:BTC1!,7460.0,7700.0,7430.0,7525.0,5552.0
2018-08-03 06:00:00,CME:BTC1!,7525.0,7560.0,7270.0,7370.0,5700.0
2018-08-06 06:00:00,CME:BTC1!,7080.0,7140.0,6870.0,6920.0,5117.0
2018-08-07 06:00:00,CME:BTC1!,6845.0,7155.0,6825.0,6990.0,5037.0
2018-08-08 06:00:00,CME:BTC1!,6765.0,6785.0,6105.0,6330.0,8099.0
2018-08-09 06:00:00,CME:BTC1!,6300.0,6545.0,6170.0,6460.0,6827.0
2018-08-10 06:00:00,CME:BTC1!,6555.0,6605.0,6105.0,6390.0,6444.0
2018-08-13 06:00:00,CME:BTC1!,6405.0,6555.0,6135.0,6230.0,7804.0
2018-08-14 06:00:00,CME:BTC1!,6240.0,6280.0,5850.0,6075.0,6904.0
2018-08-15 06:00:00,CME:BTC1!,6105.0,6600.0,6075.0,6375.0,6993.0
2018-08-16 06:00:00,CME:BTC1!,6400.0,6475.0,6185.0,6405.0,4378.0
2018-08-17 06:00:00,CME:BTC1!,6265.0,6545.0,6245.0,6480.0,4288.0
2018-08-20 06:00:00,CME:BTC1!,6490.0,6515.0,6360.0,6430.0,2381.0
2018-08-21 06:00:00,CME:BTC1!,6395.0,6470.0,6205.0,6425.0,3319.0
2018-08-22 06:00:00,CME:BTC1!,6440.0,6870.0,6250.0,6405.0,5379.0
2018-08-23 06:00:00,CME:BTC1!,6350.0,6465.0,6225.0,6405.0,3554.0
2018-08-24 06:00:00,CME:BTC1!,6460.0,6640.0,6450.0,6615.0,2656.0
2018-08-27 06:00:00,CME:BTC1!,6655.0,6760.0,6650.0,6730.0,2398.0
2018-08-28 06:00:00,CME:BTC1!,6720.0,7125.0,6715.0,7090.0,5220.0
2018-08-29 06:00:00,CME:BTC1!,7060.0,7100.0,6890.0,6995.0,853.0
2018-08-30 06:00:00,CME:BTC1!,7040.0,7045.0,6785.0,6805.0,752.0
2018-08-31 06:00:00,CME:BTC1!,6950.0,7090.0,6865.0,7045.0,0.0
2018-09-03 06:00:00,CME:BTC1!,7305.0,7410.0,7220.0,7350.0,5305.0
2018-09-05 06:00:00,CME:BTC1!,7355.0,7395.0,6840.0,6900.0,4585.0
2018-09-06 06:00:00,CME:BTC1!,6925.0,6925.0,6215.0,6430.0,5796.0
2018-09-07 06:00:00,CME:BTC1!,6410.0,6505.0,6280.0,6390.0,2475.0
2018-09-10 06:00:00,CME:BTC1!,6340.0,6350.0,6175.0,6265.0,1936.0
2018-09-11 06:00:00,CME:BTC1!,6260.0,6385.0,6120.0,6230.0,1857.0
2018-09-12 06:00:00,CME:BTC1!,6270.0,6335.0,6175.0,6290.0,1581.0
2018-09-13 06:00:00,CME:BTC1!,6295.0,6525.0,6295.0,6435.0,2350.0
2018-09-14 06:00:00,CME:BTC1!,6450.0,6575.0,6330.0,6525.0,2085.0
2018-09-17 06:00:00,CME:BTC1!,6470.0,6525.0,6165.0,6230.0,2337.0
2018-09-18 06:00:00,CME:BTC1!,6210.0,6370.0,6180.0,6275.0,1108.0
2018-09-19 06:00:00,CME:BTC1!,6305.0,6535.0,6035.0,6375.0,3037.0
2018-09-20 06:00:00,CME:BTC1!,6365.0,6435.0,6310.0,6400.0,1373.0
2018-09-21 06:00:00,CME:BTC1!,6470.0,6775.0,6455.0,6740.0,3627.0
2018-09-24 06:00:00,CME:BTC1!,6665.0,6720.0,6555.0,6610.0,2081.0
2018-09-25 06:00:00,CME:BTC1!,6605.0,6605.0,6315.0,6355.0,3388.0
2018-09-26 06:00:00,CME:BTC1!,6375.0,6525.0,6365.0,6475.0,640.0
2018-09-27 06:00:00,CME:BTC1!,6435.0,6735.0,6420.0,6645.0,648.0
2018-09-28 06:00:00,CME:BTC1!,6700.0,6805.0,6520.0,6670.0,4965.0
2018-10-01 06:00:00,CME:BTC1!,6560.0,6625.0,6455.0,6540.0,1477.0
2018-10-02 06:00:00,CME:BTC1!,6550.0,6585.0,6435.0,6510.0,1131.0
2018-10-03 06:00:00,CME:BTC1!,6510.0,6520.0,6345.0,6425.0,1356.0
2018-10-04 06:00:00,CME:BTC1!,6415.0,6610.0,6405.0,6555.0,1697.0
2018-10-05 06:00:00,CME:BTC1!,6530.0,6580.0,6500.0,6530.0,928.0
2018-10-08 06:00:00,CME:BTC1!,6530.0,6675.0,6515.0,6630.0,1783.0
2018-10-09 06:00:00,CME:BTC1!,6620.0,6620.0,6535.0,6580.0,1004.0
2018-10-10 06:00:00,CME:BTC1!,6580.0,6590.0,6450.0,6540.0,1700.0
2018-10-11 06:00:00,CME:BTC1!,6515.0,6535.0,6030.0,6180.0,4268.0
2018-10-12 06:00:00,CME:BTC1!,6180.0,6225.0,6095.0,6185.0,1908.0
2018-10-15 06:00:00,CME:BTC1!,6165.0,6770.0,6110.0,6390.0,6704.0
2018-10-16 06:00:00,CME:BTC1!,6390.0,6495.0,6380.0,6420.0,1604.0
2018-10-17 06:00:00,CME:BTC1!,6445.0,6480.0,6400.0,6420.0,1189.0
2018-10-18 06:00:00,CME:BTC1!,6430.0,6480.0,6330.0,6390.0,2759.0
2018-10-19 06:00:00,CME:BTC1!,6375.0,6405.0,6340.0,6380.0,1108.0
2018-10-22 06:00:00,CME:BTC1!,6415.0,6445.0,6360.0,6395.0,1752.0
2018-10-23 06:00:00,CME:BTC1!,6400.0,6425.0,6350.0,6395.0,1492.0
2018-10-24 06:00:00,CME:BTC1!,6375.0,6465.0,6365.0,6415.0,814.0
2018-10-25 06:00:00,CME:BTC1!,6410.0,6410.0,6320.0,6405.0,1331.0
2018-10-26 06:00:00,CME:BTC1!,6395.0,6460.0,6370.0,6390.0,2434.0
2018-10-29 06:00:00,CME:BTC1!,6390.0,6440.0,6185.0,6240.0,3904.0
2018-10-30 06:00:00,CME:BTC1!,6245.0,6290.0,6230.0,6245.0,1992.0
2018-10-31 06:00:00,CME:BTC1!,6255.0,6340.0,6170.0,6295.0,3161.0
2018-11-01 06:00:00,CME:BTC1!,6295.0,6335.0,6290.0,6315.0,1174.0
2018-11-02 06:00:00,CME:BTC1!,6335.0,6375.0,6320.0,6345.0,1647.0
2018-11-05 07:00:00,CME:BTC1!,6400.0,6450.0,6365.0,6390.0,2336.0
2018-11-06 07:00:00,CME:BTC1!,6395.0,6475.0,6385.0,6415.0,3048.0
2018-11-07 07:00:00,CME:BTC1!,6430.0,6545.0,6430.0,6510.0,4263.0
2018-11-08 07:00:00,CME:BTC1!,6510.0,6525.0,6370.0,6410.0,4418.0
2018-11-09 07:00:00,CME:BTC1!,6400.0,6415.0,6240.0,6335.0,2878.0
2018-11-12 07:00:00,CME:BTC1!,6290.0,6395.0,6290.0,6325.0,1997.0
2018-11-13 07:00:00,CME:BTC1!,6315.0,6325.0,6225.0,6285.0,2534.0
2018-11-14 07:00:00,CME:BTC1!,6290.0,6290.0,5230.0,5365.0,8940.0
2018-11-15 07:00:00,CME:BTC1!,5510.0,5590.0,5155.0,5425.0,8633.0
2018-11-16 07:00:00,CME:BTC1!,5435.0,5550.0,5385.0,5450.0,3416.0
2018-11-19 07:00:00,CME:BTC1!,5500.0,5515.0,4560.0,4835.0,11321.0
2018-11-20 07:00:00,CME:BTC1!,4740.0,4870.0,4015.0,4240.0,12827.0
2018-11-21 07:00:00,CME:BTC1!,4230.0,4620.0,4165.0,4390.0,6540.0
2018-11-22 07:00:00,CME:BTC1!,4370.0,4375.0,4085.0,4190.0,5146.0
2018-11-26 07:00:00,CME:BTC1!,3965.0,4055.0,3515.0,3605.0,8901.0
2018-11-27 07:00:00,CME:BTC1!,3635.0,3790.0,3550.0,3720.0,6129.0
2018-11-28 07:00:00,CME:BTC1!,3775.0,4345.0,3770.0,4285.0,1334.0
2018-11-29 07:00:00,CME:BTC1!,4165.0,4365.0,4060.0,4175.0,1123.0
2018-11-30 07:00:00,CME:BTC1!,4205.0,4265.0,3835.0,3930.0,5068.0
2018-12-03 07:00:00,CME:BTC1!,4090.0,4130.0,3690.0,3800.0,3383.0
2018-12-04 07:00:00,CME:BTC1!,3905.0,4015.0,3690.0,3840.0,3059.0
2018-12-05 07:00:00,CME:BTC1!,3950.0,3950.0,3590.0,3705.0,2734.0
2018-12-06 07:00:00,CME:BTC1!,3670.0,3960.0,3360.0,3600.0,5768.0
2018-12-07 07:00:00,CME:BTC1!,3575.0,3595.0,3135.0,3300.0,6081.0
2018-12-10 07:00:00,CME:BTC1!,3495.0,3580.0,3330.0,3375.0,1918.0
2018-12-11 07:00:00,CME:BTC1!,3380.0,3405.0,3265.0,3320.0,1989.0
2018-12-12 07:00:00,CME:BTC1!,3345.0,3470.0,3305.0,3420.0,2665.0
2018-12-13 07:00:00,CME:BTC1!,3395.0,3420.0,3190.0,3215.0,3796.0
2018-12-14 07:00:00,CME:BTC1!,3235.0,3265.0,3120.0,3145.0,3046.0
2018-12-17 07:00:00,CME:BTC1!,3180.0,3570.0,3165.0,3530.0,4114.0
2018-12-18 07:00:00,CME:BTC1!,3475.0,3560.0,3425.0,3495.0,3415.0
2018-12-19 07:00:00,CME:BTC1!,3550.0,3890.0,3550.0,3695.0,4997.0
2018-12-20 07:00:00,CME:BTC1!,3675.0,4150.0,3635.0,3875.0,4834.0
2018-12-21 07:00:00,CME:BTC1!,4040.0,4135.0,3605.0,3775.0,5616.0
2018-12-24 07:00:00,CME:BTC1!,3950.0,4265.0,3925.0,4070.0,2415.0
2018-12-26 07:00:00,CME:BTC1!,3735.0,3835.0,3680.0,3755.0,817.0
2018-12-27 07:00:00,CME:BTC1!,3795.0,3820.0,3525.0,3545.0,1186.0
2018-12-28 07:00:00,CME:BTC1!,3550.0,3985.0,3535.0,3870.0,4180.0
2018-12-31 07:00:00,CME:BTC1!,3800.0,3810.0,3600.0,3650.0,1961.0
2019-01-02 07:00:00,CME:BTC1!,3720.0,3855.0,3685.0,3830.0,3227.0
2019-01-03 07:00:00,CME:BTC1!,3850.0,3870.0,3710.0,3760.0,3620.0
2019-01-04 07:00:00,CME:BTC1!,3755.0,3875.0,3690.0,3745.0,3919.0
2019-01-07 07:00:00,CME:BTC1!,3990.0,4070.0,3945.0,3985.0,2757.0
2019-01-08 07:00:00,CME:BTC1!,3980.0,4095.0,3925.0,3985.0,4171.0
2019-01-09 07:00:00,CME:BTC1!,3990.0,4030.0,3950.0,3990.0,3683.0
2019-01-10 07:00:00,CME:BTC1!,3995.0,4020.0,3525.0,3605.0,5744.0
2019-01-11 07:00:00,CME:BTC1!,3600.0,3685.0,3560.0,3635.0,4216.0
2019-01-14 07:00:00,CME:BTC1!,3490.0,3700.0,3400.0,3650.0,4387.0
2019-01-15 07:00:00,CME:BTC1!,3650.0,3665.0,3490.0,3535.0,3786.0
2019-01-16 07:00:00,CME:BTC1!,3550.0,3645.0,3545.0,3560.0,4110.0
2019-01-17 07:00:00,CME:BTC1!,3570.0,3645.0,3515.0,3605.0,3564.0
2019-01-18 07:00:00,CME:BTC1!,3615.0,3630.0,3540.0,3585.0,2669.0
2019-01-21 07:00:00,CME:BTC1!,3525.0,3620.0,3390.0,3580.0,6725.0
2019-01-23 07:00:00,CME:BTC1!,3550.0,3570.0,3410.0,3505.0,2003.0
2019-01-24 07:00:00,CME:BTC1!,3505.0,3545.0,3500.0,3520.0,884.0
2019-01-25 07:00:00,CME:BTC1!,3525.0,3535.0,3465.0,3505.0,3678.0
2019-01-28 07:00:00,CME:BTC1!,3485.0,3515.0,3325.0,3380.0,4345.0
2019-01-29 07:00:00,CME:BTC1!,3385.0,3395.0,3300.0,3370.0,2453.0
2019-01-30 07:00:00,CME:BTC1!,3360.0,3435.0,3345.0,3410.0,3311.0
2019-01-31 07:00:00,CME:BTC1!,3420.0,3455.0,3365.0,3395.0,4066.0
2019-02-01 07:00:00,CME:BTC1!,3385.0,3440.0,3345.0,3425.0,4692.0
2019-02-04 07:00:00,CME:BTC1!,3380.0,3415.0,3375.0,3395.0,2947.0
2019-02-05 07:00:00,CME:BTC1!,3390.0,3415.0,3380.0,3400.0,1566.0
2019-02-06 07:00:00,CME:BTC1!,3405.0,3420.0,3310.0,3340.0,3783.0
2019-02-07 07:00:00,CME:BTC1!,3345.0,3370.0,3335.0,3340.0,1731.0
2019-02-08 07:00:00,CME:BTC1!,3350.0,3730.0,3325.0,3615.0,9872.0
2019-02-11 07:00:00,CME:BTC1!,3610.0,3650.0,3580.0,3605.0,5075.0
2019-02-12 07:00:00,CME:BTC1!,3595.0,3625.0,3550.0,3605.0,3944.0
2019-02-13 07:00:00,CME:BTC1!,3575.0,3630.0,3555.0,3570.0,2811.0
2019-02-14 07:00:00,CME:BTC1!,3575.0,3595.0,3530.0,3565.0,2122.0
2019-02-15 07:00:00,CME:BTC1!,3565.0,3620.0,3545.0,3565.0,2597.0
2019-02-18 07:00:00,CME:BTC1!,3600.0,3970.0,3595.0,3935.0,15944.0
2019-02-20 07:00:00,CME:BTC1!,3915.0,3970.0,3880.0,3940.0,1084.0
2019-02-21 07:00:00,CME:BTC1!,3935.0,3985.0,3860.0,3900.0,1246.0
2019-02-22 07:00:00,CME:BTC1!,3895.0,3970.0,3885.0,3930.0,4000.0
2019-02-25 07:00:00,CME:BTC1!,3770.0,3845.0,3705.0,3820.0,5866.0
2019-02-26 07:00:00,CME:BTC1!,3805.0,3820.0,3745.0,3775.0,3067.0
2019-02-27 07:00:00,CME:BTC1!,3780.0,3815.0,3620.0,3710.0,4843.0
2019-02-28 07:00:00,CME:BTC1!,3765.0,3875.0,3745.0,3790.0,6752.0
2019-03-01 07:00:00,CME:BTC1!,3785.0,3830.0,3780.0,3820.0,1825.0
2019-03-04 07:00:00,CME:BTC1!,3780.0,3795.0,3660.0,3690.0,4577.0
2019-03-05 07:00:00,CME:BTC1!,3675.0,3865.0,3655.0,3835.0,4969.0
2019-03-06 07:00:00,CME:BTC1!,3835.0,3900.0,3810.0,3840.0,4104.0
2019-03-07 07:00:00,CME:BTC1!,3855.0,3890.0,3830.0,3870.0,4092.0
2019-03-08 07:00:00,CME:BTC1!,3905.0,3920.0,3845.0,3890.0,3781.0
2019-03-11 06:00:00,CME:BTC1!,3885.0,3915.0,3810.0,3835.0,3539.0
2019-03-12 06:00:00,CME:BTC1!,3845.0,3880.0,3790.0,3845.0,2961.0
2019-03-13 06:00:00,CME:BTC1!,3855.0,3870.0,3820.0,3845.0,2105.0
2019-03-14 06:00:00,CME:BTC1!,3840.0,3905.0,3775.0,3845.0,4463.0
2019-03-15 06:00:00,CME:BTC1!,3850.0,3910.0,3845.0,3900.0,2938.0
2019-03-18 06:00:00,CME:BTC1!,3965.0,4025.0,3935.0,3960.0,2756.0
2019-03-19 06:00:00,CME:BTC1!,3970.0,4015.0,3950.0,3995.0,2332.0
2019-03-20 06:00:00,CME:BTC1!,3990.0,4020.0,3965.0,4010.0,2560.0
2019-03-21 06:00:00,CME:BTC1!,4015.0,4060.0,3900.0,3965.0,3769.0
2019-03-22 06:00:00,CME:BTC1!,3970.0,3995.0,3955.0,3980.0,1704.0
2019-03-25 06:00:00,CME:BTC1!,3965.0,3970.0,3845.0,3895.0,2410.0
2019-03-26 06:00:00,CME:BTC1!,3885.0,3915.0,3880.0,3905.0,1996.0
2019-03-27 06:00:00,CME:BTC1!,3900.0,4030.0,3900.0,4005.0,1268.0
2019-03-28 06:00:00,CME:BTC1!,4005.0,4030.0,3990.0,4005.0,832.0
2019-03-29 06:00:00,CME:BTC1!,4005.0,4105.0,4000.0,4075.0,4797.0
2019-04-01 06:00:00,CME:BTC1!,4090.0,4145.0,4040.0,4125.0,1897.0
2019-04-02 06:00:00,CME:BTC1!,4135.0,5095.0,4130.0,4775.0,10442.0
2019-04-03 06:00:00,CME:BTC1!,4810.0,5325.0,4810.0,5150.0,16115.0
2019-04-04 06:00:00,CME:BTC1!,5210.0,5275.0,4780.0,4840.0,21775.0
2019-04-05 06:00:00,CME:BTC1!,4935.0,5070.0,4890.0,5020.0,9560.0
2019-04-08 06:00:00,CME:BTC1!,5165.0,5370.0,5130.0,5210.0,16170.0
2019-04-09 06:00:00,CME:BTC1!,5290.0,5320.0,5150.0,5220.0,8967.0
2019-04-10 06:00:00,CME:BTC1!,5220.0,5480.0,5160.0,5415.0,7838.0
2019-04-11 06:00:00,CME:BTC1!,5300.0,5355.0,4965.0,5075.0,11268.0
2019-04-12 06:00:00,CME:BTC1!,5030.0,5125.0,4900.0,5065.0,7931.0
2019-04-15 06:00:00,CME:BTC1!,5110.0,5200.0,4945.0,5010.0,10075.0
2019-04-16 06:00:00,CME:BTC1!,5030.0,5235.0,5025.0,5200.0,6800.0
2019-04-17 06:00:00,CME:BTC1!,5215.0,5285.0,5185.0,5235.0,6698.0
2019-04-18 06:00:00,CME:BTC1!,5230.0,5325.0,5205.0,5295.0,6451.0
2019-04-22 06:00:00,CME:BTC1!,5275.0,5450.0,5255.0,5395.0,9800.0
2019-04-23 06:00:00,CME:BTC1!,5400.0,5665.0,5375.0,5590.0,10603.0
2019-04-24 06:00:00,CME:BTC1!,5585.0,5620.0,5380.0,5435.0,1508.0
2019-04-25 06:00:00,CME:BTC1!,5440.0,5520.0,5380.0,5490.0,1238.0
2019-04-26 06:00:00,CME:BTC1!,5400.0,5400.0,4930.0,5080.0,8655.0
2019-04-29 06:00:00,CME:BTC1!,5095.0,5185.0,5070.0,5140.0,3421.0
2019-04-30 06:00:00,CME:BTC1!,5140.0,5285.0,5090.0,5230.0,4094.0
2019-05-01 06:00:00,CME:BTC1!,5250.0,5350.0,5250.0,5300.0,3557.0
2019-05-02 06:00:00,CME:BTC1!,5285.0,5415.0,5280.0,5390.0,4551.0
2019-05-03 06:00:00,CME:BTC1!,5390.0,5800.0,5355.0,5670.0,13229.0
2019-05-06 06:00:00,CME:BTC1!,5735.0,5795.0,5565.0,5745.0,7075.0
2019-05-07 06:00:00,CME:BTC1!,5700.0,5985.0,5685.0,5845.0,10086.0
2019-05-08 06:00:00,CME:BTC1!,5885.0,5915.0,5640.0,5900.0,7023.0
2019-05-09 06:00:00,CME:BTC1!,5905.0,6120.0,5850.0,6065.0,6973.0
2019-05-10 06:00:00,CME:BTC1!,6125.0,6430.0,6110.0,6365.0,9795.0
2019-05-13 06:00:00,CME:BTC1!,7150.0,8030.0,6870.0,7950.0,31433.0
2019-05-14 06:00:00,CME:BTC1!,8145.0,8385.0,7630.0,7780.0,26372.0
2019-05-15 06:00:00,CME:BTC1!,7815.0,8300.0,7815.0,8225.0,13408.0
2019-05-16 06:00:00,CME:BTC1!,8185.0,8445.0,7725.0,7875.0,19966.0
2019-05-17 06:00:00,CME:BTC1!,7940.0,7990.0,6320.0,7180.0,15465.0
2019-05-20 06:00:00,CME:BTC1!,8075.0,8380.0,7620.0,7850.0,15195.0
2019-05-21 06:00:00,CME:BTC1!,8065.0,8140.0,7840.0,8050.0,7778.0
2019-05-22 06:00:00,CME:BTC1!,8030.0,8075.0,7710.0,7950.0,10834.0
2019-05-23 06:00:00,CME:BTC1!,7685.0,7895.0,7485.0,7810.0,10992.0
2019-05-24 06:00:00,CME:BTC1!,7845.0,8230.0,7815.0,8085.0,12003.0
2019-05-27 06:00:00,CME:BTC1!,8660.0,9035.0,8550.0,8705.0,18551.0
2019-05-29 06:00:00,CME:BTC1!,8810.0,8820.0,8460.0,8755.0,1876.0
2019-05-30 06:00:00,CME:BTC1!,8720.0,9180.0,8420.0,8680.0,3303.0
2019-05-31 06:00:00,CME:BTC1!,8320.0,8615.0,8145.0,8535.0,8559.0
2019-06-03 06:00:00,CME:BTC1!,8730.0,8865.0,8385.0,8640.0,4641.0
2019-06-04 06:00:00,CME:BTC1!,8560.0,8565.0,7515.0,7625.0,11780.0
2019-06-05 06:00:00,CME:BTC1!,7525.0,7970.0,7435.0,7835.0,2851.0
2019-06-06 06:00:00,CME:BTC1!,7745.0,7915.0,7460.0,7610.0,4391.0
2019-06-07 06:00:00,CME:BTC1!,7765.0,8175.0,7740.0,8010.0,2925.0
2019-06-10 06:00:00,CME:BTC1!,7675.0,8115.0,7515.0,8010.0,3256.0
2019-06-11 06:00:00,CME:BTC1!,7980.0,8085.0,7720.0,7920.0,2537.0
2019-06-12 06:00:00,CME:BTC1!,7930.0,8340.0,7830.0,8195.0,3930.0
2019-06-13 06:00:00,CME:BTC1!,8180.0,8330.0,8070.0,8285.0,2079.0
2019-06-14 06:00:00,CME:BTC1!,8365.0,8515.0,8215.0,8440.0,2084.0
2019-06-17 06:00:00,CME:BTC1!,9065.0,9495.0,9055.0,9380.0,6926.0
2019-06-18 06:00:00,CME:BTC1!,9365.0,9575.0,8985.0,9115.0,6733.0
2019-06-19 06:00:00,CME:BTC1!,9020.0,9255.0,8985.0,9210.0,2222.0
2019-06-20 06:00:00,CME:BTC1!,9320.0,9705.0,9260.0,9625.0,5347.0
2019-06-21 06:00:00,CME:BTC1!,9615.0,10060.0,9560.0,9980.0,6905.0
2019-06-24 06:00:00,CME:BTC1!,10925.0,11160.0,10615.0,10945.0,9902.0
2019-06-25 06:00:00,CME:BTC1!,11035.0,11525.0,11010.0,11380.0,10348.0
2019-06-26 06:00:00,CME:BTC1!,11885.0,14170.0,11815.0,14145.0,3776.0
2019-06-27 06:00:00,CME:BTC1!,12750.0,13570.0,10570.0,11095.0,4871.0
2019-06-28 06:00:00,CME:BTC1!,10820.0,12670.0,10820.0,12590.0,9323.0
2019-07-01 06:00:00,CME:BTC1!,11505.0,11505.0,10150.0,10375.0,9774.0
2019-07-02 06:00:00,CME:BTC1!,10685.0,11120.0,9805.0,10990.0,6869.0
2019-07-03 06:00:00,CME:BTC1!,10890.0,11765.0,10855.0,11370.0,6772.0
2019-07-04 06:00:00,CME:BTC1!,11485.0,12230.0,10910.0,11285.0,8761.0
2019-07-08 06:00:00,CME:BTC1!,11630.0,12525.0,11500.0,12445.0,3934.0
2019-07-09 06:00:00,CME:BTC1!,12530.0,13115.0,12330.0,12760.0,6427.0
2019-07-10 06:00:00,CME:BTC1!,12825.0,13480.0,11760.0,12270.0,10622.0
2019-07-11 06:00:00,CME:BTC1!,12130.0,12385.0,11045.0,11730.0,9616.0
2019-07-12 06:00:00,CME:BTC1!,11405.0,12005.0,11195.0,11730.0,3357.0
2019-07-15 06:00:00,CME:BTC1!,10945.0,11040.0,9915.0,10910.0,7597.0
2019-07-16 06:00:00,CME:BTC1!,10840.0,11155.0,9460.0,9730.0,8513.0
2019-07-17 06:00:00,CME:BTC1!,9695.0,10025.0,9095.0,9795.0,8039.0
2019-07-18 06:00:00,CME:BTC1!,9825.0,10825.0,9345.0,10550.0,8514.0
2019-07-19 06:00:00,CME:BTC1!,10635.0,10845.0,10130.0,10460.0,4699.0
2019-07-22 06:00:00,CME:BTC1!,10630.0,10720.0,10070.0,10145.0,5223.0
2019-07-23 06:00:00,CME:BTC1!,10290.0,10370.0,9860.0,10150.0,3685.0
2019-07-24 06:00:00,CME:BTC1!,10320.0,10320.0,9645.0,9770.0,1309.0
2019-07-25 06:00:00,CME:BTC1!,9925.0,10345.0,9895.0,9945.0,2071.0
2019-07-26 06:00:00,CME:BTC1!,9965.0,10055.0,9740.0,10020.0,2604.0
2019-07-29 06:00:00,CME:BTC1!,9575.0,9850.0,9195.0,9530.0,3073.0
2019-07-30 06:00:00,CME:BTC1!,9565.0,9930.0,9470.0,9735.0,2380.0
2019-07-31 06:00:00,CME:BTC1!,9725.0,10295.0,9685.0,10115.0,2198.0
2019-08-01 06:00:00,CME:BTC1!,10160.0,10665.0,10015.0,10450.0,1880.0
2019-08-02 06:00:00,CME:BTC1!,10595.0,10870.0,10490.0,10600.0,2699.0
2019-08-05 06:00:00,CME:BTC1!,11070.0,12130.0,11070.0,11910.0,4071.0
2019-08-06 06:00:00,CME:BTC1!,11925.0,12505.0,11700.0,11830.0,3814.0
2019-08-07 06:00:00,CME:BTC1!,11600.0,12330.0,11325.0,11885.0,5017.0
2019-08-08 06:00:00,CME:BTC1!,12075.0,12205.0,11600.0,11690.0,2431.0
2019-08-09 06:00:00,CME:BTC1!,11855.0,12235.0,11795.0,11945.0,3517.0
2019-08-12 06:00:00,CME:BTC1!,11675.0,11695.0,11340.0,11560.0,1834.0
2019-08-13 06:00:00,CME:BTC1!,11505.0,11570.0,10800.0,10945.0,4145.0
2019-08-14 06:00:00,CME:BTC1!,10930.0,10955.0,10070.0,10160.0,6021.0
2019-08-15 06:00:00,CME:BTC1!,10240.0,10440.0,9500.0,10130.0,7407.0
2019-08-16 06:00:00,CME:BTC1!,10400.0,10590.0,9765.0,10515.0,5247.0
2019-08-19 06:00:00,CME:BTC1!,10445.0,10890.0,10305.0,10745.0,2653.0
2019-08-20 06:00:00,CME:BTC1!,10765.0,11015.0,10590.0,10775.0,2558.0
2019-08-21 06:00:00,CME:BTC1!,10815.0,10890.0,9850.0,10115.0,5034.0
2019-08-22 06:00:00,CME:BTC1!,10040.0,10255.0,9765.0,10185.0,3956.0
2019-08-23 06:00:00,CME:BTC1!,10205.0,10535.0,10050.0,10460.0,3319.0
2019-08-26 06:00:00,CME:BTC1!,10030.0,10730.0,9970.0,10330.0,4193.0
2019-08-27 06:00:00,CME:BTC1!,10305.0,10410.0,10030.0,10165.0,3663.0
2019-08-28 06:00:00,CME:BTC1!,10295.0,10450.0,9630.0,9745.0,2059.0
2019-08-29 06:00:00,CME:BTC1!,9815.0,9830.0,9400.0,9570.0,1611.0
2019-08-30 06:00:00,CME:BTC1!,9590.0,9780.0,9420.0,9650.0,2856.0
2019-09-02 06:00:00,CME:BTC1!,9795.0,10925.0,9795.0,10800.0,7222.0
2019-09-04 06:00:00,CME:BTC1!,10840.0,10965.0,10470.0,10835.0,3701.0
2019-09-05 06:00:00,CME:BTC1!,10790.0,10810.0,10530.0,10625.0,3606.0
2019-09-06 06:00:00,CME:BTC1!,10635.0,11130.0,10230.0,10460.0,6764.0
2019-09-09 06:00:00,CME:BTC1!,10490.0,10620.0,10115.0,10370.0,3966.0
2019-09-10 06:00:00,CME:BTC1!,10360.0,10455.0,9945.0,10060.0,3400.0
2019-09-11 06:00:00,CME:BTC1!,10145.0,10345.0,9900.0,10125.0,3528.0
2019-09-12 06:00:00,CME:BTC1!,10160.0,10470.0,10085.0,10410.0,3099.0
2019-09-13 06:00:00,CME:BTC1!,10480.0,10560.0,10205.0,10265.0,2876.0
2019-09-16 06:00:00,CME:BTC1!,10335.0,10430.0,10105.0,10135.0,2313.0
2019-09-17 06:00:00,CME:BTC1!,10305.0,10405.0,10185.0,10305.0,1583.0
2019-09-18 06:00:00,CME:BTC1!,10250.0,10310.0,10120.0,10205.0,1581.0
2019-09-19 06:00:00,CME:BTC1!,10315.0,10450.0,9605.0,10155.0,4344.0
2019-09-20 06:00:00,CME:BTC1!,10155.0,10355.0,10095.0,10180.0,2400.0
2019-09-23 06:00:00,CME:BTC1!,10125.0,10125.0,9690.0,9805.0,4645.0
2019-09-24 06:00:00,CME:BTC1!,9770.0,9780.0,7995.0,8380.0,10527.0
2019-09-25 06:00:00,CME:BTC1!,8695.0,8815.0,8260.0,8405.0,1667.0
2019-09-26 06:00:00,CME:BTC1!,8640.0,8680.0,7765.0,8180.0,3517.0
2019-09-27 06:00:00,CME:BTC1!,8130.0,8180.0,7910.0,8035.0,3497.0
2019-09-30 06:00:00,CME:BTC1!,8090.0,8415.0,7710.0,8335.0,4976.0
2019-10-01 06:00:00,CME:BTC1!,8360.0,8560.0,8235.0,8325.0,3539.0
2019-10-02 06:00:00,CME:BTC1!,8330.0,8400.0,8185.0,8270.0,1861.0
2019-10-03 06:00:00,CME:BTC1!,8285.0,8435.0,8075.0,8160.0,2581.0
2019-10-04 06:00:00,CME:BTC1!,8165.0,8310.0,8020.0,8225.0,1994.0
2019-10-07 06:00:00,CME:BTC1!,7900.0,8350.0,7745.0,8255.0,5782.0
2019-10-08 06:00:00,CME:BTC1!,8260.0,8365.0,8095.0,8170.0,2275.0
2019-10-09 06:00:00,CME:BTC1!,8185.0,8780.0,8125.0,8645.0,4716.0
2019-10-10 06:00:00,CME:BTC1!,8605.0,8670.0,8445.0,8595.0,2716.0
2019-10-11 06:00:00,CME:BTC1!,8595.0,8850.0,8285.0,8355.0,4134.0
2019-10-14 06:00:00,CME:BTC1!,8255.0,8435.0,8220.0,8355.0,1774.0
2019-10-15 06:00:00,CME:BTC1!,8340.0,8435.0,8085.0,8170.0,2752.0
2019-10-16 06:00:00,CME:BTC1!,8150.0,8195.0,7900.0,7950.0,3685.0
2019-10-17 06:00:00,CME:BTC1!,7975.0,8150.0,7935.0,8060.0,2582.0
2019-10-18 06:00:00,CME:BTC1!,8065.0,8130.0,7805.0,7960.0,3414.0
2019-10-21 06:00:00,CME:BTC1!,8255.0,8380.0,8160.0,8205.0,3642.0
2019-10-22 06:00:00,CME:BTC1!,8230.0,8330.0,8065.0,8165.0,2446.0
2019-10-23 06:00:00,CME:BTC1!,8080.0,8095.0,7280.0,7505.0,1863.0
2019-10-24 06:00:00,CME:BTC1!,7445.0,7535.0,7375.0,7500.0,1547.0
2019-10-25 06:00:00,CME:BTC1!,7445.0,8885.0,7395.0,8715.0,8600.0
2019-10-28 06:00:00,CME:BTC1!,9700.0,10050.0,9330.0,9530.0,6474.0
2019-10-29 06:00:00,CME:BTC1!,9585.0,9655.0,9155.0,9315.0,3035.0
2019-10-30 06:00:00,CME:BTC1!,9540.0,9565.0,9060.0,9270.0,3553.0
2019-10-31 06:00:00,CME:BTC1!,9225.0,9510.0,9000.0,9305.0,2086.0
2019-11-01 06:00:00,CME:BTC1!,9230.0,9360.0,9120.0,9235.0,2641.0
2019-11-04 07:00:00,CME:BTC1!,9270.0,9790.0,9170.0,9565.0,3453.0
2019-11-05 07:00:00,CME:BTC1!,9480.0,9580.0,8360.0,9420.0,2875.0
2019-11-06 07:00:00,CME:BTC1!,9405.0,9515.0,9325.0,9360.0,1366.0
2019-11-07 07:00:00,CME:BTC1!,9425.0,9460.0,9125.0,9220.0,3323.0
2019-11-08 07:00:00,CME:BTC1!,9260.0,9305.0,8680.0,8845.0,5487.0
2019-11-11 07:00:00,CME:BTC1!,9100.0,9135.0,8585.0,8750.0,3623.0
2019-11-12 07:00:00,CME:BTC1!,8735.0,8915.0,8555.0,8835.0,3545.0
2019-11-13 07:00:00,CME:BTC1!,8815.0,8880.0,8730.0,8785.0,2121.0
2019-11-14 07:00:00,CME:BTC1!,8805.0,8830.0,8590.0,8675.0,2337.0
2019-11-15 07:00:00,CME:BTC1!,8680.0,8820.0,8355.0,8505.0,4095.0
2019-11-18 07:00:00,CME:BTC1!,8550.0,8565.0,8005.0,8205.0,4004.0
2019-11-19 07:00:00,CME:BTC1!,8200.0,8215.0,8005.0,8110.0,3007.0
2019-11-20 07:00:00,CME:BTC1!,8145.0,8275.0,8045.0,8110.0,3885.0
2019-11-21 07:00:00,CME:BTC1!,8110.0,8140.0,7360.0,7580.0,5630.0
2019-11-22 07:00:00,CME:BTC1!,7620.0,7735.0,6775.0,7330.0,9941.0
2019-11-25 07:00:00,CME:BTC1!,7050.0,7375.0,6510.0,7165.0,10022.0
2019-11-26 07:00:00,CME:BTC1!,7220.0,7365.0,7040.0,7125.0,721.0
2019-11-27 07:00:00,CME:BTC1!,7170.0,7745.0,6845.0,7625.0,2970.0
2019-11-28 07:00:00,CME:BTC1!,7540.0,7930.0,7365.0,7800.0,4898.0
2019-12-02 07:00:00,CME:BTC1!,7465.0,7555.0,7195.0,7335.0,4334.0
2019-12-03 07:00:00,CME:BTC1!,7370.0,7445.0,7260.0,7340.0,1711.0
2019-12-04 07:00:00,CME:BTC1!,7335.0,7965.0,7085.0,7220.0,8673.0
2019-12-05 07:00:00,CME:BTC1!,7255.0,7525.0,7180.0,7420.0,4442.0
2019-12-06 07:00:00,CME:BTC1!,7435.0,7655.0,7335.0,7460.0,3514.0
2019-12-09 07:00:00,CME:BTC1!,7570.0,7705.0,7290.0,7320.0,3527.0
2019-12-10 07:00:00,CME:BTC1!,7345.0,7410.0,7165.0,7215.0,3362.0
2019-12-11 07:00:00,CME:BTC1!,7250.0,7290.0,7130.0,7175.0,2979.0
2019-12-12 07:00:00,CME:BTC1!,7210.0,7370.0,7070.0,7265.0,4522.0
2019-12-13 07:00:00,CME:BTC1!,7215.0,7335.0,7200.0,7265.0,3653.0
2019-12-16 07:00:00,CME:BTC1!,7120.0,7145.0,6790.0,6860.0,7720.0
2019-12-17 07:00:00,CME:BTC1!,6880.0,6940.0,6560.0,6580.0,5979.0
2019-12-18 07:00:00,CME:BTC1!,6575.0,7235.0,6420.0,7135.0,11821.0
2019-12-19 07:00:00,CME:BTC1!,7280.0,7440.0,7055.0,7165.0,4596.0
2019-12-20 07:00:00,CME:BTC1!,7160.0,7235.0,7085.0,7230.0,2478.0
2019-12-23 07:00:00,CME:BTC1!,7420.0,7715.0,7290.0,7410.0,7852.0
2019-12-24 07:00:00,CME:BTC1!,7330.0,7430.0,7215.0,7235.0,3521.0
2019-12-26 07:00:00,CME:BTC1!,7265.0,7490.0,7215.0,7300.0,1202.0
2019-12-27 07:00:00,CME:BTC1!,7245.0,7315.0,7080.0,7265.0,4441.0
2019-12-30 07:00:00,CME:BTC1!,7445.0,7480.0,7245.0,7285.0,3115.0
2019-12-31 07:00:00,CME:BTC1!,7295.0,7350.0,7160.0,7210.0,2953.0
2020-01-02 07:00:00,CME:BTC1!,7225.0,7225.0,6900.0,6940.0,4754.0
2020-01-03 07:00:00,CME:BTC1!,6960.0,7500.0,6860.0,7385.0,8657.0
2020-01-06 07:00:00,CME:BTC1!,7435.0,7685.0,7385.0,7615.0,6104.0
2020-01-07 07:00:00,CME:BTC1!,7725.0,8300.0,7725.0,8280.0,11526.0
2020-01-08 07:00:00,CME:BTC1!,8165.0,8595.0,7915.0,8110.0,16332.0
2020-01-09 07:00:00,CME:BTC1!,8120.0,8170.0,7800.0,7885.0,10399.0
2020-01-10 07:00:00,CME:BTC1!,7855.0,8220.0,7700.0,8135.0,13111.0
2020-01-13 07:00:00,CME:BTC1!,8235.0,8300.0,8100.0,8200.0,3206.0
2020-01-14 07:00:00,CME:BTC1!,8165.0,8955.0,8150.0,8750.0,13502.0
2020-01-15 07:00:00,CME:BTC1!,8810.0,8995.0,8635.0,8880.0,7019.0
2020-01-16 07:00:00,CME:BTC1!,8925.0,8955.0,8615.0,8790.0,5818.0
2020-01-17 07:00:00,CME:BTC1!,8765.0,9085.0,8720.0,8925.0,6895.0
2020-01-20 07:00:00,CME:BTC1!,8720.0,8825.0,8515.0,8750.0,7456.0
2020-01-22 07:00:00,CME:BTC1!,8775.0,8865.0,8600.0,8680.0,4717.0
2020-01-23 07:00:00,CME:BTC1!,8665.0,8705.0,8290.0,8370.0,13847.0
2020-01-24 07:00:00,CME:BTC1!,8410.0,8540.0,8235.0,8495.0,9837.0
2020-01-27 07:00:00,CME:BTC1!,8595.0,9020.0,8575.0,8995.0,13131.0
2020-01-28 07:00:00,CME:BTC1!,8935.0,9215.0,8895.0,9060.0,15878.0
2020-01-29 07:00:00,CME:BTC1!,9290.0,9605.0,9255.0,9525.0,1328.0
2020-01-30 07:00:00,CME:BTC1!,9490.0,9730.0,9325.0,9730.0,2737.0
2020-01-31 07:00:00,CME:BTC1!,9715.0,9745.0,9335.0,9440.0,9428.0
2020-02-03 07:00:00,CME:BTC1!,9495.0,9790.0,9270.0,9410.0,8918.0
2020-02-04 07:00:00,CME:BTC1!,9355.0,9440.0,9130.0,9255.0,8189.0
2020-02-05 07:00:00,CME:BTC1!,9245.0,9945.0,9225.0,9830.0,14307.0
2020-02-06 07:00:00,CME:BTC1!,9800.0,10010.0,9685.0,9895.0,12014.0
2020-02-07 07:00:00,CME:BTC1!,9805.0,10030.0,9740.0,9845.0,8523.0
2020-02-10 07:00:00,CME:BTC1!,10200.0,10360.0,9510.0,9935.0,6779.0
2020-02-11 07:00:00,CME:BTC1!,9930.0,10570.0,9790.0,10405.0,15832.0
2020-02-12 07:00:00,CME:BTC1!,10325.0,10620.0,10315.0,10525.0,13010.0
2020-02-13 07:00:00,CME:BTC1!,10505.0,10670.0,10160.0,10305.0,16242.0
2020-02-14 07:00:00,CME:BTC1!,10305.0,10635.0,10210.0,10495.0,8771.0
2020-02-17 07:00:00,CME:BTC1!,9980.0,10365.0,9505.0,10250.0,20878.0
2020-02-19 07:00:00,CME:BTC1!,10280.0,10545.0,9245.0,10225.0,9019.0
2020-02-20 07:00:00,CME:BTC1!,9735.0,9735.0,9405.0,9615.0,3918.0
2020-02-21 07:00:00,CME:BTC1!,9650.0,9830.0,9600.0,9740.0,2125.0
2020-02-24 07:00:00,CME:BTC1!,9935.0,10075.0,9480.0,9600.0,7379.0
2020-02-25 07:00:00,CME:BTC1!,9640.0,9695.0,9240.0,9320.0,4061.0
2020-02-26 07:00:00,CME:BTC1!,9510.0,9530.0,8705.0,8885.0,2011.0
2020-02-27 07:00:00,CME:BTC1!,8800.0,9055.0,8575.0,8945.0,2186.0
2020-02-28 07:00:00,CME:BTC1!,8855.0,8965.0,8480.0,8700.0,3889.0
2020-03-02 07:00:00,CME:BTC1!,8645.0,9030.0,8540.0,8975.0,2157.0
2020-03-03 07:00:00,CME:BTC1!,8990.0,8995.0,8740.0,8770.0,2956.0
2020-03-04 07:00:00,CME:BTC1!,8830.0,8910.0,8700.0,8760.0,1842.0
2020-03-05 07:00:00,CME:BTC1!,8805.0,9250.0,8795.0,9195.0,3734.0
2020-03-06 07:00:00,CME:BTC1!,9140.0,9250.0,9060.0,9165.0,1827.0
2020-03-09 06:00:00,CME:BTC1!,8265.0,8280.0,7640.0,7850.0,9510.0
2020-03-10 06:00:00,CME:BTC1!,7835.0,8175.0,7755.0,7995.0,5067.0
2020-03-11 06:00:00,CME:BTC1!,7990.0,8025.0,7610.0,7855.0,3910.0
2020-03-12 06:00:00,CME:BTC1!,7840.0,8000.0,5595.0,6010.0,16034.0
2020-03-13 06:00:00,CME:BTC1!,5775.0,5935.0,4210.0,5330.0,15531.0
2020-03-16 06:00:00,CME:BTC1!,5850.0,5850.0,4390.0,4930.0,14879.0
2020-03-17 06:00:00,CME:BTC1!,4975.0,5525.0,4835.0,5380.0,6875.0
2020-03-18 06:00:00,CME:BTC1!,5440.0,5475.0,4990.0,5340.0,8746.0
2020-03-19 06:00:00,CME:BTC1!,5380.0,6410.0,5275.0,6240.0,8961.0
2020-03-20 06:00:00,CME:BTC1!,6275.0,6950.0,5665.0,6210.0,6787.0
2020-03-23 06:00:00,CME:BTC1!,6060.0,6650.0,5685.0,6300.0,8329.0
2020-03-24 06:00:00,CME:BTC1!,6450.0,6885.0,6395.0,6725.0,7837.0
2020-03-25 06:00:00,CME:BTC1!,6770.0,7045.0,6500.0,6660.0,907.0
2020-03-26 06:00:00,CME:BTC1!,6620.0,6845.0,6560.0,6695.0,1505.0
2020-03-27 06:00:00,CME:BTC1!,6760.0,6915.0,6615.0,6680.0,2372.0
2020-03-30 06:00:00,CME:BTC1!,6045.0,6535.0,5835.0,6380.0,4341.0
2020-03-31 06:00:00,CME:BTC1!,6505.0,6660.0,6340.0,6475.0,2305.0
2020-04-01 06:00:00,CME:BTC1!,6455.0,6465.0,6155.0,6210.0,2656.0
2020-04-02 06:00:00,CME:BTC1!,6400.0,7345.0,6380.0,6865.0,9591.0
2020-04-03 06:00:00,CME:BTC1!,6890.0,7100.0,6625.0,6800.0,3943.0
2020-04-06 06:00:00,CME:BTC1!,6820.0,7375.0,6785.0,7330.0,10939.0
2020-04-07 06:00:00,CME:BTC1!,7350.0,7515.0,7105.0,7330.0,7749.0
2020-04-08 06:00:00,CME:BTC1!,7195.0,7475.0,7160.0,7335.0,3066.0
2020-04-09 06:00:00,CME:BTC1!,7335.0,7415.0,7090.0,7290.0,2793.0
2020-04-13 06:00:00,CME:BTC1!,7160.0,7160.0,6555.0,6810.0,5395.0
2020-04-14 06:00:00,CME:BTC1!,6855.0,7010.0,6785.0,6950.0,2232.0
2020-04-15 06:00:00,CME:BTC1!,6895.0,6950.0,6685.0,6740.0,2144.0
2020-04-16 06:00:00,CME:BTC1!,6735.0,7205.0,6465.0,7105.0,6364.0
2020-04-17 06:00:00,CME:BTC1!,7105.0,7235.0,7010.0,7080.0,1863.0
2020-04-20 06:00:00,CME:BTC1!,7200.0,7255.0,6765.0,6795.0,4302.0
2020-04-21 06:00:00,CME:BTC1!,6875.0,6960.0,6780.0,6890.0,2879.0
2020-04-22 06:00:00,CME:BTC1!,6855.0,7220.0,6840.0,7155.0,885.0
2020-04-23 06:00:00,CME:BTC1!,7150.0,7870.0,7085.0,7625.0,4094.0
2020-04-24 06:00:00,CME:BTC1!,7690.0,7710.0,7465.0,7595.0,2367.0
2020-04-27 06:00:00,CME:BTC1!,7665.0,7905.0,7645.0,7780.0,2872.0
2020-04-28 06:00:00,CME:BTC1!,7845.0,7875.0,7735.0,7780.0,1762.0
2020-04-29 06:00:00,CME:BTC1!,7800.0,9065.0,7780.0,8825.0,9729.0
2020-04-30 06:00:00,CME:BTC1!,8940.0,9560.0,8480.0,8930.0,10524.0
2020-05-01 06:00:00,CME:BTC1!,8850.0,9145.0,8655.0,8840.0,5127.0
2020-05-04 06:00:00,CME:BTC1!,8965.0,9060.0,8600.0,8935.0,3992.0
2020-05-05 06:00:00,CME:BTC1!,9055.0,9225.0,8835.0,8985.0,4675.0
2020-05-06 06:00:00,CME:BTC1!,9035.0,9515.0,8980.0,9340.0,6330.0
2020-05-07 06:00:00,CME:BTC1!,9370.0,10115.0,9105.0,10010.0,12108.0
2020-05-08 06:00:00,CME:BTC1!,10010.0,10220.0,9820.0,10030.0,6747.0
2020-05-11 06:00:00,CME:BTC1!,8820.0,9275.0,8220.0,8795.0,19225.0
2020-05-12 06:00:00,CME:BTC1!,8680.0,9050.0,8560.0,8870.0,6912.0
2020-05-13 06:00:00,CME:BTC1!,8845.0,9430.0,8830.0,9270.0,5001.0
2020-05-14 06:00:00,CME:BTC1!,9400.0,10070.0,9355.0,9725.0,8874.0
2020-05-15 06:00:00,CME:BTC1!,9855.0,9930.0,9170.0,9395.0,7857.0
2020-05-18 06:00:00,CME:BTC1!,9795.0,10035.0,9515.0,9745.0,7691.0
2020-05-19 06:00:00,CME:BTC1!,9745.0,9955.0,9505.0,9680.0,6700.0
2020-05-20 06:00:00,CME:BTC1!,9755.0,9895.0,9330.0,9570.0,6276.0
2020-05-21 06:00:00,CME:BTC1!,9585.0,9610.0,8815.0,9075.0,8797.0
2020-05-22 06:00:00,CME:BTC1!,9185.0,9285.0,8945.0,9175.0,4564.0
2020-05-25 06:00:00,CME:BTC1!,9050.0,9065.0,8630.0,8785.0,8287.0
2020-05-27 06:00:00,CME:BTC1!,8915.0,9335.0,8870.0,9250.0,2554.0
2020-05-28 06:00:00,CME:BTC1!,9145.0,9645.0,9130.0,9560.0,3729.0
2020-05-29 06:00:00,CME:BTC1!,9535.0,9720.0,9400.0,9470.0,3864.0
2020-06-01 06:00:00,CME:BTC1!,9530.0,9775.0,9465.0,9650.0,3656.0
2020-06-02 06:00:00,CME:BTC1!,9745.0,10565.0,9335.0,9580.0,14048.0
2020-06-03 06:00:00,CME:BTC1!,9580.0,9730.0,9465.0,9655.0,3179.0
2020-06-04 06:00:00,CME:BTC1!,9665.0,9985.0,9535.0,9895.0,4328.0
2020-06-05 06:00:00,CME:BTC1!,9865.0,9950.0,9675.0,9800.0,4508.0
2020-06-08 06:00:00,CME:BTC1!,9810.0,9900.0,9720.0,9780.0,3757.0
2020-06-09 06:00:00,CME:BTC1!,9630.0,9985.0,9620.0,9805.0,4291.0
2020-06-10 06:00:00,CME:BTC1!,9905.0,10130.0,9720.0,9935.0,7010.0
2020-06-11 06:00:00,CME:BTC1!,9945.0,10060.0,9090.0,9300.0,10869.0
2020-06-12 06:00:00,CME:BTC1!,9380.0,9610.0,9265.0,9465.0,3848.0
2020-06-15 06:00:00,CME:BTC1!,9370.0,9525.0,8930.0,9440.0,5850.0
2020-06-16 06:00:00,CME:BTC1!,9475.0,9630.0,9415.0,9530.0,3436.0
2020-06-17 06:00:00,CME:BTC1!,9540.0,9600.0,9255.0,9325.0,3206.0
2020-06-18 06:00:00,CME:BTC1!,9425.0,9515.0,9320.0,9410.0,2135.0
2020-06-19 06:00:00,CME:BTC1!,9385.0,9465.0,9245.0,9315.0,3481.0
2020-06-22 06:00:00,CME:BTC1!,9350.0,9700.0,9280.0,9585.0,5062.0
2020-06-23 06:00:00,CME:BTC1!,9725.0,9755.0,9600.0,9660.0,3811.0
2020-06-24 06:00:00,CME:BTC1!,9755.0,9770.0,9265.0,9375.0,2600.0
2020-06-25 06:00:00,CME:BTC1!,9345.0,9390.0,9090.0,9340.0,2169.0
2020-06-26 06:00:00,CME:BTC1!,9440.0,9440.0,9070.0,9220.0,4195.0
2020-06-29 06:00:00,CME:BTC1!,9175.0,9240.0,9050.0,9200.0,2742.0
2020-06-30 06:00:00,CME:BTC1!,9255.0,9295.0,9100.0,9185.0,2856.0
2020-07-01 06:00:00,CME:BTC1!,9200.0,9390.0,9140.0,9325.0,4789.0
2020-07-02 06:00:00,CME:BTC1!,9280.0,9335.0,8950.0,9060.0,6562.0
2020-07-03 06:00:00,CME:BTC1!,9100.0,9435.0,9060.0,9355.0,6890.0
2020-07-07 06:00:00,CME:BTC1!,9350.0,9455.0,9250.0,9290.0,2975.0
2020-07-08 06:00:00,CME:BTC1!,9310.0,9570.0,9285.0,9510.0,5163.0
2020-07-09 06:00:00,CME:BTC1!,9505.0,9545.0,9190.0,9255.0,5931.0
2020-07-10 06:00:00,CME:BTC1!,9275.0,9285.0,9145.0,9275.0,2296.0
2020-07-13 06:00:00,CME:BTC1!,9290.0,9410.0,9240.0,9270.0,2844.0
2020-07-14 06:00:00,CME:BTC1!,9275.0,9320.0,9135.0,9310.0,2869.0
2020-07-15 06:00:00,CME:BTC1!,9295.0,9320.0,9165.0,9190.0,2330.0
2020-07-16 06:00:00,CME:BTC1!,9240.0,9265.0,9040.0,9145.0,3344.0
2020-07-17 06:00:00,CME:BTC1!,9130.0,9220.0,9095.0,9195.0,1674.0
2020-07-20 06:00:00,CME:BTC1!,9200.0,9280.0,9155.0,9190.0,2432.0
2020-07-21 06:00:00,CME:BTC1!,9205.0,9480.0,9175.0,9395.0,5408.0
2020-07-22 06:00:00,CME:BTC1!,9415.0,9435.0,9295.0,9425.0,3117.0
2020-07-23 06:00:00,CME:BTC1!,9425.0,9735.0,9425.0,9650.0,6653.0
2020-07-24 06:00:00,CME:BTC1!,9665.0,9665.0,9505.0,9615.0,3110.0
2020-07-27 06:00:00,CME:BTC1!,9925.0,11055.0,9925.0,10895.0,16157.0
2020-07-28 06:00:00,CME:BTC1!,11080.0,11540.0,10635.0,11035.0,15293.0
2020-07-29 06:00:00,CME:BTC1!,11230.0,11555.0,11060.0,11425.0,3530.0
2020-07-30 06:00:00,CME:BTC1!,11525.0,11580.0,11025.0,11370.0,3917.0
2020-07-31 06:00:00,CME:BTC1!,11330.0,11775.0,11205.0,11610.0,9692.0
2020-08-03 06:00:00,CME:BTC1!,11350.0,11720.0,11180.0,11620.0,5333.0
2020-08-04 06:00:00,CME:BTC1!,11560.0,11600.0,11125.0,11370.0,6915.0
2020-08-05 06:00:00,CME:BTC1!,11385.0,11975.0,11190.0,11850.0,11366.0
2020-08-06 06:00:00,CME:BTC1!,11930.0,12085.0,11705.0,12040.0,4902.0
2020-08-07 06:00:00,CME:BTC1!,11990.0,12085.0,11395.0,11575.0,10007.0
2020-08-10 06:00:00,CME:BTC1!,11800.0,12220.0,11645.0,12015.0,9860.0
2020-08-11 06:00:00,CME:BTC1!,12005.0,12090.0,11190.0,11435.0,10291.0
2020-08-12 06:00:00,CME:BTC1!,11340.0,11745.0,11220.0,11665.0,6069.0
2020-08-13 06:00:00,CME:BTC1!,11600.0,11760.0,11340.0,11590.0,5062.0
2020-08-14 06:00:00,CME:BTC1!,11765.0,12000.0,11740.0,11935.0,9980.0
2020-08-17 06:00:00,CME:BTC1!,11950.0,12635.0,11905.0,12485.0,8883.0
2020-08-18 06:00:00,CME:BTC1!,12470.0,12555.0,11850.0,12035.0,10621.0
2020-08-19 06:00:00,CME:BTC1!,12100.0,12150.0,11580.0,11690.0,10164.0
2020-08-20 06:00:00,CME:BTC1!,11740.0,11950.0,11710.0,11895.0,4860.0
2020-08-21 06:00:00,CME:BTC1!,12125.0,12125.0,11600.0,11695.0,9663.0
2020-08-24 06:00:00,CME:BTC1!,11695.0,11865.0,11595.0,11770.0,7416.0
2020-08-25 06:00:00,CME:BTC1!,11765.0,11810.0,11115.0,11310.0,12762.0
2020-08-26 06:00:00,CME:BTC1!,11415.0,11715.0,11395.0,11630.0,2732.0
2020-08-27 06:00:00,CME:BTC1!,11620.0,11740.0,11205.0,11340.0,4740.0
2020-08-28 06:00:00,CME:BTC1!,11420.0,11700.0,11370.0,11630.0,7783.0
2020-08-31 06:00:00,CME:BTC1!,11735.0,11915.0,11705.0,11835.0,4865.0
2020-09-01 06:00:00,CME:BTC1!,11755.0,12200.0,11625.0,12075.0,8919.0
2020-09-02 06:00:00,CME:BTC1!,12135.0,12175.0,11165.0,11460.0,17210.0
2020-09-03 06:00:00,CME:BTC1!,11440.0,11530.0,10460.0,10720.0,15412.0
2020-09-04 06:00:00,CME:BTC1!,10780.0,10785.0,9905.0,10620.0,15668.0
2020-09-07 06:00:00,CME:BTC1!,10425.0,10475.0,9890.0,10015.0,14549.0
2020-09-09 06:00:00,CME:BTC1!,10060.0,10385.0,9850.0,10320.0,5218.0
2020-09-10 06:00:00,CME:BTC1!,10285.0,10565.0,10215.0,10315.0,7860.0
2020-09-11 06:00:00,CME:BTC1!,10370.0,10420.0,10215.0,10340.0,4819.0
2020-09-14 06:00:00,CME:BTC1!,10315.0,10805.0,10270.0,10705.0,6525.0
2020-09-15 06:00:00,CME:BTC1!,10750.0,10975.0,10645.0,10815.0,4052.0
2020-09-16 06:00:00,CME:BTC1!,10890.0,11150.0,10690.0,11015.0,7056.0
2020-09-17 06:00:00,CME:BTC1!,11045.0,11075.0,10755.0,10950.0,7179.0
2020-09-18 06:00:00,CME:BTC1!,10975.0,11075.0,10815.0,10880.0,4499.0
2020-09-21 06:00:00,CME:BTC1!,10885.0,11005.0,10265.0,10485.0,12875.0
2020-09-22 06:00:00,CME:BTC1!,10485.0,10525.0,10350.0,10495.0,4081.0
2020-09-23 06:00:00,CME:BTC1!,10590.0,10620.0,10210.0,10345.0,3309.0
2020-09-24 06:00:00,CME:BTC1!,10330.0,10815.0,10260.0,10725.0,4089.0
2020-09-25 06:00:00,CME:BTC1!,10730.0,10895.0,10605.0,10825.0,6120.0
2020-09-28 06:00:00,CME:BTC1!,10800.0,11080.0,10795.0,10960.0,4100.0
2020-09-29 06:00:00,CME:BTC1!,10970.0,10990.0,10680.0,10815.0,4764.0
2020-09-30 06:00:00,CME:BTC1!,10850.0,10940.0,10725.0,10770.0,5671.0
2020-10-01 06:00:00,CME:BTC1!,10835.0,11060.0,10430.0,10645.0,11708.0
2020-10-02 06:00:00,CME:BTC1!,10615.0,10705.0,10410.0,10550.0,5867.0
2020-10-05 06:00:00,CME:BTC1!,10700.0,10865.0,10670.0,10815.0,4462.0
2020-10-06 06:00:00,CME:BTC1!,10815.0,10890.0,10565.0,10630.0,4093.0
2020-10-07 06:00:00,CME:BTC1!,10600.0,10760.0,10595.0,10720.0,2260.0
2020-10-08 06:00:00,CME:BTC1!,10735.0,11065.0,10580.0,10955.0,5066.0
2020-10-09 06:00:00,CME:BTC1!,10950.0,11205.0,10910.0,11110.0,3469.0
2020-10-12 06:00:00,CME:BTC1!,11360.0,11700.0,11280.0,11630.0,6338.0
2020-10-13 06:00:00,CME:BTC1!,11760.0,11805.0,11355.0,11440.0,4170.0
2020-10-14 06:00:00,CME:BTC1!,11500.0,11630.0,11340.0,11410.0,3466.0
2020-10-15 06:00:00,CME:BTC1!,11440.0,11695.0,11315.0,11595.0,3418.0
2020-10-16 06:00:00,CME:BTC1!,11610.0,11610.0,11225.0,11360.0,5373.0
2020-10-19 06:00:00,CME:BTC1!,11505.0,11910.0,11470.0,11755.0,6876.0
2020-10-20 06:00:00,CME:BTC1!,11795.0,12110.0,11740.0,11970.0,4060.0
2020-10-21 06:00:00,CME:BTC1!,11995.0,13005.0,11960.0,12755.0,10223.0
2020-10-22 06:00:00,CME:BTC1!,12965.0,13285.0,12725.0,13155.0,7369.0
2020-10-23 06:00:00,CME:BTC1!,13220.0,13260.0,12775.0,12970.0,3793.0
2020-10-26 06:00:00,CME:BTC1!,13100.0,13300.0,12805.0,13045.0,6031.0
2020-10-27 06:00:00,CME:BTC1!,13050.0,13780.0,13025.0,13685.0,9034.0
2020-10-28 06:00:00,CME:BTC1!,13890.0,14080.0,13035.0,13380.0,4153.0
2020-10-29 06:00:00,CME:BTC1!,13390.0,13905.0,13180.0,13780.0,4563.0
2020-10-30 06:00:00,CME:BTC1!,13740.0,13895.0,13315.0,13735.0,5823.0
2020-11-02 07:00:00,CME:BTC1!,13955.0,14065.0,13370.0,13790.0,5042.0
2020-11-03 07:00:00,CME:BTC1!,13730.0,13950.0,13390.0,13845.0,3731.0
2020-11-04 07:00:00,CME:BTC1!,13925.0,14420.0,13635.0,14200.0,9531.0
2020-11-05 07:00:00,CME:BTC1!,14165.0,15505.0,14165.0,15260.0,7463.0
2020-11-06 07:00:00,CME:BTC1!,15685.0,16155.0,15350.0,15630.0,8143.0
2020-11-09 07:00:00,CME:BTC1!,15665.0,16005.0,14880.0,15450.0,12353.0
2020-11-10 07:00:00,CME:BTC1!,15435.0,15595.0,15130.0,15355.0,5971.0
2020-11-11 07:00:00,CME:BTC1!,15450.0,16090.0,15350.0,15805.0,6198.0
2020-11-12 07:00:00,CME:BTC1!,16000.0,16300.0,15520.0,16240.0,6412.0
2020-11-13 07:00:00,CME:BTC1!,16350.0,16585.0,16025.0,16270.0,4062.0
2020-11-16 07:00:00,CME:BTC1!,16035.0,16935.0,15915.0,16895.0,5400.0
2020-11-17 07:00:00,CME:BTC1!,16795.0,17930.0,16620.0,17730.0,9408.0
2020-11-18 07:00:00,CME:BTC1!,17675.0,18540.0,17235.0,17685.0,12925.0
2020-11-19 07:00:00,CME:BTC1!,17905.0,18260.0,17375.0,18095.0,6743.0
2020-11-20 07:00:00,CME:BTC1!,17910.0,18880.0,17740.0,18685.0,9867.0
2020-11-23 07:00:00,CME:BTC1!,18625.0,18850.0,18040.0,18410.0,12524.0
2020-11-24 07:00:00,CME:BTC1!,18650.0,19770.0,18300.0,19375.0,4363.0
2020-11-25 07:00:00,CME:BTC1!,19415.0,19865.0,18890.0,19175.0,4270.0
2020-11-26 07:00:00,CME:BTC1!,19090.0,19175.0,16520.0,16925.0,16490.0
2020-11-30 07:00:00,CME:BTC1!,18275.0,20260.0,18275.0,19730.0,12034.0
2020-12-01 07:00:00,CME:BTC1!,19800.0,20360.0,18300.0,19275.0,13563.0
2020-12-02 07:00:00,CME:BTC1!,19155.0,19585.0,18560.0,19295.0,7994.0
2020-12-03 07:00:00,CME:BTC1!,19340.0,19880.0,19070.0,19565.0,7203.0
2020-12-04 07:00:00,CME:BTC1!,19680.0,19750.0,18830.0,19100.0,7567.0
2020-12-07 07:00:00,CME:BTC1!,19205.0,19615.0,19020.0,19170.0,5213.0
2020-12-08 07:00:00,CME:BTC1!,19215.0,19475.0,18695.0,18825.0,7325.0
2020-12-09 07:00:00,CME:BTC1!,18685.0,18685.0,17705.0,18420.0,6752.0
2020-12-10 07:00:00,CME:BTC1!,18630.0,18750.0,17940.0,18440.0,6953.0
2020-12-11 07:00:00,CME:BTC1!,18415.0,18460.0,17575.0,18020.0,6058.0
2020-12-14 07:00:00,CME:BTC1!,19155.0,19430.0,19080.0,19270.0,6124.0
2020-12-15 07:00:00,CME:BTC1!,19340.0,19675.0,19120.0,19560.0,5817.0
2020-12-16 07:00:00,CME:BTC1!,19505.0,21430.0,19340.0,20930.0,12919.0
2020-12-17 07:00:00,CME:BTC1!,21460.0,23915.0,21320.0,22870.0,16832.0
2020-12-18 07:00:00,CME:BTC1!,23050.0,23415.0,22435.0,22860.0,7105.0
2020-12-21 07:00:00,CME:BTC1!,23605.0,24210.0,21950.0,22880.0,12956.0
2020-12-22 07:00:00,CME:BTC1!,23565.0,24100.0,22755.0,23805.0,6595.0
2020-12-23 07:00:00,CME:BTC1!,24170.0,24605.0,23165.0,23745.0,6174.0
2020-12-24 07:00:00,CME:BTC1!,23550.0,23795.0,22960.0,23685.0,4309.0
2020-12-28 07:00:00,CME:BTC1!,26650.0,27900.0,26535.0,27110.0,17470.0
2020-12-29 07:00:00,CME:BTC1!,26955.0,27450.0,26080.0,27210.0,7633.0
2020-12-30 07:00:00,CME:BTC1!,27315.0,29370.0,27235.0,29155.0,13789.0
2020-12-31 07:00:00,CME:BTC1!,29075.0,29700.0,28230.0,29385.0,5529.0
2021-01-04 07:00:00,CME:BTC1!,33405.0,34170.0,28440.0,31550.0,14997.0
2021-01-05 07:00:00,CME:BTC1!,31655.0,34680.0,30250.0,34515.0,8153.0
2021-01-06 07:00:00,CME:BTC1!,34655.0,37035.0,33780.0,36565.0,19469.0
2021-01-07 07:00:00,CME:BTC1!,36445.0,41000.0,36445.0,39625.0,16834.0
2021-01-08 07:00:00,CME:BTC1!,40275.0,42730.0,37000.0,39520.0,15379.0
2021-01-11 07:00:00,CME:BTC1!,38925.0,39165.0,31105.0,33780.0,22205.0
2021-01-12 07:00:00,CME:BTC1!,34840.0,37050.0,32780.0,34500.0,14576.0
2021-01-13 07:00:00,CME:BTC1!,34055.0,37580.0,32610.0,36375.0,9785.0
2021-01-14 07:00:00,CME:BTC1!,37500.0,40365.0,36915.0,39605.0,10507.0
2021-01-15 07:00:00,CME:BTC1!,39205.0,39980.0,34555.0,35625.0,14051.0
2021-01-18 07:00:00,CME:BTC1!,36250.0,38155.0,34890.0,36595.0,14757.0
2021-01-20 07:00:00,CME:BTC1!,36700.0,36845.0,33435.0,35035.0,9615.0
2021-01-21 07:00:00,CME:BTC1!,35200.0,35740.0,30930.0,31920.0,13373.0
2021-01-22 07:00:00,CME:BTC1!,30825.0,33860.0,28900.0,33580.0,12897.0
2021-01-25 07:00:00,CME:BTC1!,32300.0,34930.0,32035.0,33440.0,8771.0
2021-01-26 07:00:00,CME:BTC1!,32665.0,32845.0,30800.0,31950.0,8494.0
2021-01-27 07:00:00,CME:BTC1!,32655.0,32925.0,29075.0,31475.0,13653.0
2021-01-28 07:00:00,CME:BTC1!,30865.0,33460.0,29940.0,32790.0,5466.0
2021-01-29 07:00:00,CME:BTC1!,33600.0,39100.0,32130.0,34855.0,18198.0
2021-02-01 07:00:00,CME:BTC1!,33315.0,35005.0,32530.0,34000.0,6290.0
2021-02-02 07:00:00,CME:BTC1!,33680.0,36370.0,33605.0,36170.0,5830.0
2021-02-03 07:00:00,CME:BTC1!,36015.0,37790.0,35740.0,37390.0,4813.0
2021-02-04 07:00:00,CME:BTC1!,37660.0,39200.0,36435.0,37915.0,6039.0
2021-02-05 07:00:00,CME:BTC1!,37700.0,38755.0,36895.0,38015.0,4767.0
2021-02-08 07:00:00,CME:BTC1!,39025.0,45500.0,38305.0,44755.0,14369.0
2021-02-09 07:00:00,CME:BTC1!,45210.0,48885.0,45175.0,47765.0,11114.0
2021-02-10 07:00:00,CME:BTC1!,47500.0,48060.0,43950.0,44915.0,9743.0
2021-02-11 07:00:00,CME:BTC1!,45615.0,49215.0,44345.0,47525.0,9072.0
2021-02-12 07:00:00,CME:BTC1!,48000.0,49500.0,46500.0,48040.0,7532.0
2021-02-15 07:00:00,CME:BTC1!,49415.0,51065.0,45950.0,48925.0,15414.0
2021-02-17 07:00:00,CME:BTC1!,49300.0,53210.0,49115.0,52785.0,9780.0
2021-02-18 07:00:00,CME:BTC1!,52680.0,53080.0,51250.0,52340.0,8340.0
2021-02-19 07:00:00,CME:BTC1!,52035.0,56575.0,50695.0,55530.0,11457.0
2021-02-22 07:00:00,CME:BTC1!,57450.0,57790.0,48320.0,53720.0,18519.0
2021-02-23 07:00:00,CME:BTC1!,54515.0,54515.0,44900.0,47660.0,18212.0
2021-02-24 07:00:00,CME:BTC1!,48450.0,51310.0,47010.0,49135.0,8076.0
2021-02-25 07:00:00,CME:BTC1!,49900.0,52875.0,47800.0,49415.0,6682.0
2021-02-26 07:00:00,CME:BTC1!,48320.0,48990.0,44555.0,46325.0,10550.0
2021-03-01 07:00:00,CME:BTC1!,45500.0,49985.0,45150.0,48870.0,7199.0
2021-03-02 07:00:00,CME:BTC1!,49425.0,50550.0,47245.0,47820.0,5993.0
2021-03-03 07:00:00,CME:BTC1!,48035.0,53000.0,47955.0,50900.0,6344.0
2021-03-04 07:00:00,CME:BTC1!,50970.0,52190.0,47425.0,48310.0,11795.0
2021-03-05 07:00:00,CME:BTC1!,48125.0,49745.0,46295.0,49555.0,8929.0
2021-03-08 07:00:00,CME:BTC1!,50580.0,52425.0,49500.0,52145.0,7528.0
2021-03-09 07:00:00,CME:BTC1!,51995.0,55265.0,51895.0,54720.0,5572.0
2021-03-10 07:00:00,CME:BTC1!,54530.0,57815.0,53430.0,56620.0,7098.0
2021-03-11 07:00:00,CME:BTC1!,56980.0,58390.0,54685.0,57955.0,7793.0
2021-03-12 07:00:00,CME:BTC1!,58365.0,58725.0,55380.0,57075.0,7966.0
2021-03-15 06:00:00,CME:BTC1!,58755.0,61255.0,54915.0,56900.0,10372.0
2021-03-16 06:00:00,CME:BTC1!,57005.0,57175.0,53475.0,55910.0,7097.0
2021-03-17 06:00:00,CME:BTC1!,56695.0,58490.0,54285.0,57980.0,7704.0
2021-03-18 06:00:00,CME:BTC1!,58500.0,60280.0,57090.0,57365.0,9656.0
2021-03-19 06:00:00,CME:BTC1!,57950.0,59575.0,56315.0,58975.0,6553.0
2021-03-22 06:00:00,CME:BTC1!,58195.0,58460.0,54105.0,55605.0,7201.0
2021-03-23 06:00:00,CME:BTC1!,54665.0,55895.0,52915.0,54985.0,8663.0
2021-03-24 06:00:00,CME:BTC1!,54580.0,57225.0,53135.0,54645.0,8667.0
2021-03-25 06:00:00,CME:BTC1!,54015.0,54015.0,50595.0,52405.0,7474.0
2021-03-26 06:00:00,CME:BTC1!,52545.0,54450.0,51435.0,54060.0,5439.0
2021-03-29 06:00:00,CME:BTC1!,55360.0,59000.0,55110.0,58210.0,7078.0
2021-03-30 06:00:00,CME:BTC1!,57940.0,60065.0,57585.0,59705.0,4634.0
2021-03-31 06:00:00,CME:BTC1!,59360.0,60540.0,57380.0,59285.0,6924.0
2021-04-01 06:00:00,CME:BTC1!,59580.0,60345.0,58595.0,59615.0,2179.0
2021-04-05 06:00:00,CME:BTC1!,58550.0,60100.0,57155.0,59840.0,5908.0
2021-04-06 06:00:00,CME:BTC1!,59415.0,60350.0,57750.0,58735.0,5272.0
2021-04-07 06:00:00,CME:BTC1!,58300.0,59080.0,55675.0,56310.0,11417.0
2021-04-08 06:00:00,CME:BTC1!,56310.0,58655.0,55910.0,58155.0,4605.0
2021-04-09 06:00:00,CME:BTC1!,58010.0,59405.0,58000.0,58760.0,3954.0
2021-04-12 06:00:00,CME:BTC1!,60000.0,61945.0,59915.0,60545.0,6628.0
2021-04-13 06:00:00,CME:BTC1!,60500.0,64450.0,60300.0,63685.0,7145.0
2021-04-14 06:00:00,CME:BTC1!,63885.0,65520.0,61565.0,62400.0,8430.0
2021-04-15 06:00:00,CME:BTC1!,62795.0,64030.0,62375.0,63840.0,4886.0
2021-04-16 06:00:00,CME:BTC1!,63765.0,64000.0,60165.0,61980.0,6631.0
2021-04-19 06:00:00,CME:BTC1!,57120.0,57750.0,54450.0,56045.0,10366.0
2021-04-20 06:00:00,CME:BTC1!,56335.0,57155.0,53430.0,56715.0,9193.0
2021-04-21 06:00:00,CME:BTC1!,56900.0,57160.0,54325.0,55610.0,5859.0
2021-04-22 06:00:00,CME:BTC1!,54825.0,55645.0,51365.0,52860.0,13161.0
2021-04-23 06:00:00,CME:BTC1!,51505.0,52150.0,47395.0,50845.0,10381.0
2021-04-26 06:00:00,CME:BTC1!,47440.0,54410.0,47440.0,54070.0,8341.0
2021-04-27 06:00:00,CME:BTC1!,53370.0,55420.0,52925.0,54790.0,5136.0
2021-04-28 06:00:00,CME:BTC1!,55265.0,56500.0,53905.0,55410.0,6400.0
2021-04-29 06:00:00,CME:BTC1!,54810.0,55420.0,52475.0,53010.0,3907.0
2021-04-30 06:00:00,CME:BTC1!,53500.0,57535.0,53175.0,57315.0,6071.0
2021-05-03 06:00:00,CME:BTC1!,56985.0,59305.0,56380.0,57765.0,5621.0
2021-05-04 06:00:00,CME:BTC1!,57390.0,57755.0,53220.0,54515.0,8065.0
2021-05-05 06:00:00,CME:BTC1!,54365.0,58110.0,52830.0,57295.0,6056.0
2021-05-06 06:00:00,CME:BTC1!,56950.0,58600.0,55255.0,56180.0,5933.0
2021-05-07 06:00:00,CME:BTC1!,56350.0,58845.0,55340.0,57760.0,4969.0
2021-05-10 06:00:00,CME:BTC1!,58200.0,59900.0,53595.0,55705.0,7951.0
2021-05-11 06:00:00,CME:BTC1!,55690.0,57075.0,54375.0,56805.0,5353.0
2021-05-12 06:00:00,CME:BTC1!,56735.0,58140.0,53355.0,54445.0,8665.0
2021-05-13 06:00:00,CME:BTC1!,54545.0,54605.0,46395.0,48365.0,14808.0
2021-05-14 06:00:00,CME:BTC1!,49215.0,51475.0,48370.0,50190.0,5432.0
2021-05-17 06:00:00,CME:BTC1!,45295.0,46620.0,42050.0,44060.0,11148.0
2021-05-18 06:00:00,CME:BTC1!,43500.0,45755.0,42280.0,43150.0,8310.0
2021-05-19 06:00:00,CME:BTC1!,42915.0,43530.0,30205.0,39340.0,26734.0
2021-05-20 06:00:00,CME:BTC1!,38925.0,42420.0,34950.0,40320.0,13391.0
2021-05-21 06:00:00,CME:BTC1!,40720.0,42370.0,35135.0,36085.0,12908.0
2021-05-24 06:00:00,CME:BTC1!,34280.0,39950.0,33720.0,39750.0,10870.0
2021-05-25 06:00:00,CME:BTC1!,38540.0,39885.0,36555.0,37330.0,8766.0
2021-05-26 06:00:00,CME:BTC1!,38055.0,40895.0,37875.0,38545.0,9284.0
2021-05-27 06:00:00,CME:BTC1!,39220.0,40565.0,37410.0,38865.0,5261.0
2021-05-28 06:00:00,CME:BTC1!,39040.0,39200.0,35150.0,35825.0,8101.0
2021-05-31 06:00:00,CME:BTC1!,35905.0,37985.0,34250.0,35990.0,8098.0
2021-06-02 06:00:00,CME:BTC1!,36205.0,38340.0,35940.0,38040.0,4028.0
2021-06-03 06:00:00,CME:BTC1!,37835.0,39560.0,37255.0,38715.0,4312.0
2021-06-04 06:00:00,CME:BTC1!,38840.0,39330.0,35590.0,36955.0,8164.0
2021-06-07 06:00:00,CME:BTC1!,36205.0,37015.0,34000.0,35645.0,6680.0
2021-06-08 06:00:00,CME:BTC1!,34130.0,34295.0,30915.0,32910.0,11212.0
2021-06-09 06:00:00,CME:BTC1!,33485.0,36945.0,32420.0,36375.0,8450.0
2021-06-10 06:00:00,CME:BTC1!,36610.0,38460.0,35815.0,36690.0,6676.0
2021-06-11 06:00:00,CME:BTC1!,36725.0,37700.0,35955.0,37325.0,3333.0
2021-06-14 06:00:00,CME:BTC1!,38900.0,41070.0,38705.0,39710.0,5935.0
2021-06-15 06:00:00,CME:BTC1!,40250.0,41335.0,39565.0,39995.0,4180.0
2021-06-16 06:00:00,CME:BTC1!,40025.0,40480.0,38270.0,38565.0,6334.0
2021-06-17 06:00:00,CME:BTC1!,38550.0,39535.0,37315.0,37665.0,5646.0
2021-06-18 06:00:00,CME:BTC1!,37695.0,38175.0,35100.0,35285.0,5719.0
2021-06-21 06:00:00,CME:BTC1!,35555.0,35790.0,31715.0,32560.0,9302.0
2021-06-22 06:00:00,CME:BTC1!,31700.0,33310.0,28800.0,32480.0,14889.0
2021-06-23 06:00:00,CME:BTC1!,32560.0,34835.0,31780.0,32900.0,7184.0
2021-06-24 06:00:00,CME:BTC1!,33460.0,35405.0,32490.0,34965.0,4402.0
2021-06-25 06:00:00,CME:BTC1!,34925.0,35635.0,31480.0,32200.0,6633.0
2021-06-28 06:00:00,CME:BTC1!,32775.0,35325.0,32750.0,34525.0,5519.0
2021-06-29 06:00:00,CME:BTC1!,34680.0,36650.0,34200.0,36430.0,4838.0
2021-06-30 06:00:00,CME:BTC1!,36215.0,36215.0,34020.0,34725.0,3880.0
2021-07-01 06:00:00,CME:BTC1!,34765.0,35185.0,32695.0,33030.0,4607.0
2021-07-02 06:00:00,CME:BTC1!,33460.0,33995.0,32620.0,33285.0,3489.0
2021-07-05 06:00:00,CME:BTC1!,35800.0,35955.0,33315.0,33975.0,6997.0
2021-07-07 06:00:00,CME:BTC1!,33800.0,35140.0,33675.0,34700.0,3868.0
2021-07-08 06:00:00,CME:BTC1!,34200.0,34300.0,32040.0,32960.0,5747.0
2021-07-09 06:00:00,CME:BTC1!,32680.0,33740.0,32295.0,33455.0,2662.0
2021-07-12 06:00:00,CME:BTC1!,34430.0,34830.0,32600.0,32760.0,3826.0
2021-07-13 06:00:00,CME:BTC1!,32830.0,33330.0,32150.0,32215.0,3084.0
2021-07-14 06:00:00,CME:BTC1!,32535.0,33195.0,31515.0,32740.0,3546.0
2021-07-15 06:00:00,CME:BTC1!,32930.0,33180.0,30970.0,31410.0,6733.0
2021-07-16 06:00:00,CME:BTC1!,31700.0,32205.0,30960.0,31925.0,4090.0
2021-07-19 06:00:00,CME:BTC1!,31760.0,31860.0,30280.0,30690.0,3945.0
2021-07-20 06:00:00,CME:BTC1!,30680.0,31015.0,29215.0,29715.0,4343.0
2021-07-21 06:00:00,CME:BTC1!,29625.0,32830.0,29435.0,31620.0,9993.0
2021-07-22 06:00:00,CME:BTC1!,31920.0,32590.0,31680.0,32415.0,3232.0
2021-07-23 06:00:00,CME:BTC1!,32180.0,32930.0,31980.0,32270.0,2498.0
2021-07-26 06:00:00,CME:BTC1!,34475.0,40580.0,34420.0,39480.0,17245.0
2021-07-27 06:00:00,CME:BTC1!,37090.0,38795.0,36425.0,37890.0,7578.0
2021-07-28 06:00:00,CME:BTC1!,38340.0,40940.0,38150.0,40370.0,10480.0
2021-07-29 06:00:00,CME:BTC1!,40245.0,40795.0,39450.0,39760.0,3947.0
2021-07-30 06:00:00,CME:BTC1!,39695.0,41950.0,38405.0,39955.0,4892.0
2021-08-02 06:00:00,CME:BTC1!,41185.0,41500.0,38715.0,39180.0,4781.0
2021-08-03 06:00:00,CME:BTC1!,39180.0,39830.0,37580.0,37965.0,5443.0
2021-08-04 06:00:00,CME:BTC1!,38265.0,39945.0,37465.0,39840.0,3669.0
2021-08-05 06:00:00,CME:BTC1!,39940.0,41480.0,37300.0,40755.0,6706.0
2021-08-06 06:00:00,CME:BTC1!,41095.0,43430.0,39910.0,42970.0,6634.0
2021-08-09 06:00:00,CME:BTC1!,44255.0,46520.0,42890.0,46045.0,7172.0
2021-08-10 06:00:00,CME:BTC1!,45760.0,46800.0,44650.0,45495.0,5332.0
2021-08-11 06:00:00,CME:BTC1!,45755.0,46835.0,45250.0,46455.0,3447.0
2021-08-12 06:00:00,CME:BTC1!,46315.0,46315.0,43780.0,44360.0,5190.0
2021-08-13 06:00:00,CME:BTC1!,44310.0,48005.0,43830.0,46505.0,3796.0
2021-08-16 06:00:00,CME:BTC1!,46905.0,48100.0,45670.0,46095.0,4125.0
2021-08-17 06:00:00,CME:BTC1!,46000.0,47205.0,44570.0,45520.0,4393.0
2021-08-18 06:00:00,CME:BTC1!,44795.0,46105.0,44155.0,44855.0,5149.0
2021-08-19 06:00:00,CME:BTC1!,44530.0,46895.0,43900.0,46700.0,6208.0
2021-08-20 06:00:00,CME:BTC1!,46545.0,49185.0,46370.0,48730.0,5402.0
2021-08-23 06:00:00,CME:BTC1!,48815.0,50585.0,48640.0,49280.0,5956.0
2021-08-24 06:00:00,CME:BTC1!,49520.0,49885.0,47735.0,48210.0,5776.0
2021-08-25 06:00:00,CME:BTC1!,48205.0,49135.0,47065.0,48705.0,6128.0
2021-08-26 06:00:00,CME:BTC1!,49330.0,49460.0,46310.0,46955.0,4520.0
2021-08-27 06:00:00,CME:BTC1!,47210.0,49250.0,46350.0,48455.0,5609.0
2021-08-30 06:00:00,CME:BTC1!,49070.0,49510.0,47460.0,48765.0,3419.0
2021-08-31 06:00:00,CME:BTC1!,48610.0,48610.0,46695.0,47390.0,4056.0
2021-09-01 06:00:00,CME:BTC1!,46940.0,49270.0,46530.0,48320.0,4280.0
2021-09-02 06:00:00,CME:BTC1!,48600.0,50570.0,48400.0,49375.0,4772.0
2021-09-03 06:00:00,CME:BTC1!,49900.0,51260.0,48445.0,50710.0,5123.0
2021-09-06 06:00:00,CME:BTC1!,51755.0,53125.0,43705.0,46780.0,13967.0
2021-09-08 06:00:00,CME:BTC1!,46590.0,47440.0,44500.0,46520.0,5680.0
2021-09-09 06:00:00,CME:BTC1!,46250.0,47465.0,45545.0,46645.0,4052.0
2021-09-10 06:00:00,CME:BTC1!,46545.0,47065.0,44750.0,45675.0,4853.0
2021-09-13 06:00:00,CME:BTC1!,45240.0,46945.0,43310.0,44815.0,7363.0
2021-09-14 06:00:00,CME:BTC1!,45215.0,47025.0,44705.0,46515.0,3802.0
2021-09-15 06:00:00,CME:BTC1!,46700.0,48510.0,46635.0,48190.0,3080.0
2021-09-16 06:00:00,CME:BTC1!,48270.0,48600.0,47050.0,47495.0,4538.0
2021-09-17 06:00:00,CME:BTC1!,47600.0,48225.0,46670.0,47490.0,3893.0
2021-09-20 06:00:00,CME:BTC1!,47415.0,47620.0,42365.0,43780.0,8330.0
2021-09-21 06:00:00,CME:BTC1!,43410.0,43870.0,40085.0,42030.0,8523.0
2021-09-22 06:00:00,CME:BTC1!,41330.0,44025.0,40145.0,43385.0,7828.0
2021-09-23 06:00:00,CME:BTC1!,43485.0,45100.0,43270.0,44925.0,4465.0
2021-09-24 06:00:00,CME:BTC1!,44850.0,45385.0,40810.0,42520.0,11471.0
2021-09-27 06:00:00,CME:BTC1!,43635.0,44580.0,42770.0,43150.0,5221.0
2021-09-28 06:00:00,CME:BTC1!,43215.0,43555.0,41145.0,41600.0,4666.0
2021-09-29 06:00:00,CME:BTC1!,41890.0,42735.0,40785.0,41155.0,3694.0
2021-09-30 06:00:00,CME:BTC1!,41240.0,44175.0,41040.0,43615.0,4869.0
2021-10-01 06:00:00,CME:BTC1!,43735.0,48705.0,43330.0,48390.0,9404.0
2021-10-04 06:00:00,CME:BTC1!,48070.0,50000.0,47180.0,49855.0,5865.0
2021-10-05 06:00:00,CME:BTC1!,49310.0,52165.0,49100.0,51630.0,8408.0
2021-10-06 06:00:00,CME:BTC1!,52165.0,55935.0,50855.0,55700.0,9662.0
2021-10-07 06:00:00,CME:BTC1!,55580.0,56325.0,53855.0,54470.0,5323.0
2021-10-08 06:00:00,CME:BTC1!,54925.0,56815.0,54155.0,55180.0,5063.0
2021-10-11 06:00:00,CME:BTC1!,55330.0,58355.0,54820.0,57990.0,5686.0
2021-10-12 06:00:00,CME:BTC1!,57700.0,58215.0,54370.0,55815.0,6691.0
2021-10-13 06:00:00,CME:BTC1!,56350.0,57950.0,54700.0,57750.0,6939.0
2021-10-14 06:00:00,CME:BTC1!,57700.0,59025.0,57190.0,58195.0,6318.0
2021-10-15 06:00:00,CME:BTC1!,58150.0,63525.0,57250.0,62075.0,11665.0
2021-10-18 06:00:00,CME:BTC1!,61120.0,63230.0,60100.0,61650.0,10019.0
2021-10-19 06:00:00,CME:BTC1!,61905.0,64780.0,61730.0,64660.0,15283.0
2021-10-20 06:00:00,CME:BTC1!,64490.0,67680.0,63830.0,66665.0,15201.0
2021-10-21 06:00:00,CME:BTC1!,66160.0,66960.0,62140.0,62910.0,15609.0
2021-10-22 06:00:00,CME:BTC1!,62890.0,63950.0,60210.0,61080.0,10125.0
2021-10-25 06:00:00,CME:BTC1!,61080.0,63865.0,60820.0,62725.0,7184.0
2021-10-26 06:00:00,CME:BTC1!,62855.0,63345.0,61810.0,61975.0,7404.0
2021-10-27 06:00:00,CME:BTC1!,61255.0,61450.0,57855.0,59065.0,12927.0
2021-10-28 06:00:00,CME:BTC1!,59025.0,62840.0,58310.0,61780.0,7829.0
2021-10-29 06:00:00,CME:BTC1!,61595.0,63575.0,60650.0,63010.0,6361.0
2021-11-01 06:00:00,CME:BTC1!,61995.0,62850.0,59700.0,61615.0,4979.0
2021-11-02 06:00:00,CME:BTC1!,61010.0,64665.0,60900.0,64015.0,5238.0
2021-11-03 06:00:00,CME:BTC1!,63580.0,63965.0,60945.0,63065.0,5495.0
2021-11-04 06:00:00,CME:BTC1!,63450.0,63475.0,60860.0,61360.0,5009.0
2021-11-05 06:00:00,CME:BTC1!,61435.0,62865.0,60905.0,61380.0,3534.0
2021-11-08 07:00:00,CME:BTC1!,62910.0,67035.0,62905.0,66485.0,6018.0
2021-11-09 07:00:00,CME:BTC1!,66715.0,69000.0,66480.0,67625.0,5457.0
2021-11-10 07:00:00,CME:BTC1!,67670.0,69355.0,63020.0,66075.0,7709.0
2021-11-11 07:00:00,CME:BTC1!,65210.0,65895.0,64340.0,65055.0,3912.0
2021-11-12 07:00:00,CME:BTC1!,65400.0,65720.0,62385.0,64235.0,6895.0
2021-11-15 07:00:00,CME:BTC1!,64625.0,66555.0,63415.0,63910.0,5438.0
2021-11-16 07:00:00,CME:BTC1!,63955.0,64025.0,58515.0,59730.0,9161.0
2021-11-17 07:00:00,CME:BTC1!,60700.0,60890.0,58475.0,60485.0,6300.0
2021-11-18 07:00:00,CME:BTC1!,59980.0,61035.0,56600.0,58015.0,9180.0
2021-11-19 07:00:00,CME:BTC1!,56450.0,58410.0,55600.0,57900.0,8253.0
2021-11-22 07:00:00,CME:BTC1!,59100.0,59645.0,55585.0,55815.0,11800.0
2021-11-23 07:00:00,CME:BTC1!,56575.0,57940.0,55375.0,57855.0,9700.0
2021-11-24 07:00:00,CME:BTC1!,58160.0,58270.0,56285.0,57815.0,7005.0
2021-11-25 07:00:00,CME:BTC1!,57395.0,59910.0,53600.0,54430.0,11541.0
2021-11-29 07:00:00,CME:BTC1!,56290.0,59285.0,56290.0,58470.0,5946.0
2021-11-30 07:00:00,CME:BTC1!,58530.0,59680.0,56145.0,57780.0,7792.0
2021-12-01 07:00:00,CME:BTC1!,57660.0,59545.0,56650.0,56990.0,6552.0
2021-12-02 07:00:00,CME:BTC1!,57305.0,57705.0,55990.0,57175.0,5835.0
2021-12-03 07:00:00,CME:BTC1!,57030.0,57945.0,51585.0,53545.0,11175.0
2021-12-06 07:00:00,CME:BTC1!,49265.0,50730.0,47215.0,48960.0,9344.0
2021-12-07 07:00:00,CME:BTC1!,50745.0,52195.0,50360.0,50600.0,4985.0
2021-12-08 07:00:00,CME:BTC1!,50600.0,51370.0,48645.0,50925.0,4851.0
2021-12-09 07:00:00,CME:BTC1!,50400.0,50940.0,47345.0,47675.0,5159.0
2021-12-10 07:00:00,CME:BTC1!,47940.0,50265.0,47325.0,48490.0,6036.0
2021-12-13 07:00:00,CME:BTC1!,50205.0,50480.0,45700.0,46595.0,6827.0
2021-12-14 07:00:00,CME:BTC1!,46950.0,48700.0,46295.0,47870.0,5871.0
2021-12-15 07:00:00,CME:BTC1!,48350.0,49605.0,46570.0,49350.0,8301.0
2021-12-16 07:00:00,CME:BTC1!,48940.0,49500.0,47595.0,48010.0,5529.0
2021-12-17 07:00:00,CME:BTC1!,47870.0,48010.0,45415.0,46250.0,4533.0
2021-12-20 07:00:00,CME:BTC1!,47280.0,47555.0,45515.0,47060.0,4303.0
2021-12-21 07:00:00,CME:BTC1!,46835.0,49390.0,46710.0,48685.0,3998.0
2021-12-22 07:00:00,CME:BTC1!,49280.0,49635.0,48500.0,49045.0,2811.0
2021-12-23 07:00:00,CME:BTC1!,49085.0,51470.0,48035.0,51060.0,4756.0
2021-12-27 07:00:00,CME:BTC1!,51040.0,52200.0,50520.0,51275.0,5511.0
2021-12-28 07:00:00,CME:BTC1!,51025.0,51045.0,47300.0,47755.0,7868.0
2021-12-29 07:00:00,CME:BTC1!,47585.0,48095.0,46550.0,47370.0,6913.0
2021-12-30 07:00:00,CME:BTC1!,47300.0,47940.0,45955.0,47210.0,4197.0
2021-12-31 07:00:00,CME:BTC1!,47220.0,48690.0,45695.0,45815.0,3726.0
2022-01-03 07:00:00,CME:BTC1!,47120.0,47660.0,45680.0,45865.0,4161.0
2022-01-04 07:00:00,CME:BTC1!,46205.0,47650.0,45485.0,46305.0,5049.0
2022-01-05 07:00:00,CME:BTC1!,46100.0,47100.0,43290.0,43830.0,8922.0
2022-01-06 07:00:00,CME:BTC1!,43405.0,43720.0,42375.0,43215.0,5222.0
2022-01-07 07:00:00,CME:BTC1!,43170.0,43240.0,40470.0,41870.0,9276.0
2022-01-10 07:00:00,CME:BTC1!,42205.0,42245.0,39470.0,41745.0,8665.0
2022-01-11 07:00:00,CME:BTC1!,41595.0,43155.0,41220.0,42805.0,6191.0
2022-01-12 07:00:00,CME:BTC1!,42695.0,44310.0,42455.0,43825.0,4068.0
2022-01-13 07:00:00,CME:BTC1!,43880.0,44450.0,42280.0,42675.0,4068.0
2022-01-14 07:00:00,CME:BTC1!,42620.0,43445.0,41680.0,43120.0,4202.0
2022-01-17 07:00:00,CME:BTC1!,43270.0,43315.0,41175.0,41665.0,6821.0
2022-01-19 07:00:00,CME:BTC1!,42430.0,42615.0,41080.0,41575.0,6542.0
2022-01-20 07:00:00,CME:BTC1!,41940.0,43545.0,41260.0,42675.0,7229.0
2022-01-21 07:00:00,CME:BTC1!,41125.0,41135.0,36150.0,38180.0,11781.0
2022-01-24 07:00:00,CME:BTC1!,35555.0,37600.0,32855.0,37220.0,16299.0
2022-01-25 07:00:00,CME:BTC1!,36490.0,37550.0,35725.0,36855.0,8969.0
2022-01-26 07:00:00,CME:BTC1!,36765.0,38895.0,36330.0,37060.0,10251.0
2022-01-27 07:00:00,CME:BTC1!,36535.0,37200.0,35455.0,35555.0,5969.0
2022-01-28 07:00:00,CME:BTC1!,36615.0,38015.0,36100.0,37790.0,5566.0
2022-01-31 07:00:00,CME:BTC1!,37845.0,38790.0,36620.0,38485.0,4094.0
2022-02-01 07:00:00,CME:BTC1!,38450.0,39275.0,38055.0,38585.0,4095.0
2022-02-02 07:00:00,CME:BTC1!,38685.0,38900.0,36515.0,37535.0,4396.0
2022-02-03 07:00:00,CME:BTC1!,36970.0,37100.0,36235.0,36265.0,4222.0
2022-02-04 07:00:00,CME:BTC1!,36930.0,40935.0,36895.0,40640.0,9595.0
2022-02-07 07:00:00,CME:BTC1!,41420.0,44615.0,41420.0,44235.0,7457.0
2022-02-08 07:00:00,CME:BTC1!,44110.0,45605.0,42780.0,44340.0,5873.0
2022-02-09 07:00:00,CME:BTC1!,44235.0,44900.0,43210.0,44855.0,4103.0
2022-02-10 07:00:00,CME:BTC1!,44640.0,45905.0,43270.0,44180.0,8449.0
2022-02-11 07:00:00,CME:BTC1!,43950.0,44145.0,42075.0,42390.0,6220.0
2022-02-14 07:00:00,CME:BTC1!,42470.0,42930.0,41560.0,42205.0,5402.0
2022-02-15 07:00:00,CME:BTC1!,42665.0,44620.0,42495.0,44215.0,4089.0
2022-02-16 07:00:00,CME:BTC1!,44210.0,44860.0,43350.0,44175.0,3894.0
2022-02-17 07:00:00,CME:BTC1!,44075.0,44275.0,40090.0,40900.0,6682.0
2022-02-18 07:00:00,CME:BTC1!,40675.0,41000.0,39485.0,39945.0,7267.0
2022-02-21 07:00:00,CME:BTC1!,38860.0,39460.0,36340.0,37915.0,12994.0
2022-02-23 07:00:00,CME:BTC1!,37890.0,39235.0,37365.0,37660.0,9503.0
2022-02-24 07:00:00,CME:BTC1!,37630.0,39780.0,34300.0,38370.0,8774.0
2022-02-25 07:00:00,CME:BTC1!,38055.0,39700.0,37865.0,39115.0,6107.0
2022-02-28 07:00:00,CME:BTC1!,37860.0,42055.0,37205.0,42000.0,9471.0
2022-03-01 07:00:00,CME:BTC1!,43100.0,45110.0,42930.0,44240.0,8747.0
2022-03-02 07:00:00,CME:BTC1!,44205.0,45455.0,43420.0,43925.0,6395.0
2022-03-03 07:00:00,CME:BTC1!,44205.0,44325.0,41870.0,42080.0,6109.0
2022-03-04 07:00:00,CME:BTC1!,42495.0,42640.0,39090.0,39545.0,5656.0
2022-03-07 07:00:00,CME:BTC1!,39060.0,39540.0,37180.0,37540.0,5831.0
2022-03-08 07:00:00,CME:BTC1!,38110.0,39410.0,37895.0,38505.0,5230.0
2022-03-09 07:00:00,CME:BTC1!,38540.0,42715.0,38540.0,41920.0,7469.0
2022-03-10 07:00:00,CME:BTC1!,42055.0,42245.0,38555.0,39630.0,5922.0
2022-03-11 07:00:00,CME:BTC1!,39530.0,40260.0,38240.0,38325.0,5471.0
2022-03-14 06:00:00,CME:BTC1!,38725.0,39340.0,37495.0,38830.0,4213.0
2022-03-15 06:00:00,CME:BTC1!,38725.0,39935.0,38085.0,39760.0,4604.0
2022-03-16 06:00:00,CME:BTC1!,39725.0,41765.0,38810.0,40920.0,8470.0
2022-03-17 06:00:00,CME:BTC1!,41200.0,41520.0,40570.0,40885.0,2547.0
2022-03-18 06:00:00,CME:BTC1!,41050.0,42360.0,40180.0,42095.0,5113.0
2022-03-21 06:00:00,CME:BTC1!,41445.0,41595.0,40555.0,41220.0,5712.0
2022-03-22 06:00:00,CME:BTC1!,41335.0,43490.0,40885.0,42390.0,10059.0
2022-03-23 06:00:00,CME:BTC1!,42880.0,42985.0,41815.0,42250.0,8001.0
2022-03-24 06:00:00,CME:BTC1!,42515.0,44525.0,42445.0,44165.0,6888.0
2022-03-25 06:00:00,CME:BTC1!,44200.0,45400.0,43805.0,44655.0,5774.0
2022-03-28 06:00:00,CME:BTC1!,46740.0,48475.0,46550.0,48190.0,6528.0
2022-03-29 06:00:00,CME:BTC1!,47970.0,48390.0,47235.0,47930.0,4677.0
2022-03-30 06:00:00,CME:BTC1!,47430.0,48000.0,46715.0,47240.0,4074.0
2022-03-31 06:00:00,CME:BTC1!,47220.0,47875.0,45620.0,45735.0,5480.0
2022-04-01 06:00:00,CME:BTC1!,45865.0,46910.0,44345.0,46550.0,5689.0
2022-04-04 06:00:00,CME:BTC1!,47225.0,47610.0,45205.0,46085.0,5287.0
2022-04-05 06:00:00,CME:BTC1!,46600.0,47445.0,45550.0,46140.0,7492.0
2022-04-06 06:00:00,CME:BTC1!,45995.0,46060.0,43130.0,43775.0,7113.0
2022-04-07 06:00:00,CME:BTC1!,43880.0,43885.0,42720.0,43380.0,4605.0
2022-04-08 06:00:00,CME:BTC1!,43565.0,44090.0,42445.0,42715.0,5079.0
2022-04-11 06:00:00,CME:BTC1!,42710.0,42805.0,39460.0,39955.0,5945.0
2022-04-12 06:00:00,CME:BTC1!,39410.0,40805.0,39190.0,39290.0,5562.0
2022-04-13 06:00:00,CME:BTC1!,39650.0,41590.0,39560.0,41120.0,5018.0
2022-04-14 06:00:00,CME:BTC1!,41240.0,41540.0,39565.0,39825.0,3012.0
2022-04-18 06:00:00,CME:BTC1!,40150.0,41125.0,38535.0,40700.0,5796.0
2022-04-19 06:00:00,CME:BTC1!,40825.0,41820.0,40585.0,41520.0,3695.0
2022-04-20 06:00:00,CME:BTC1!,41335.0,42295.0,40895.0,41235.0,3726.0
2022-04-21 06:00:00,CME:BTC1!,41550.0,43010.0,40610.0,41245.0,5772.0
2022-04-22 06:00:00,CME:BTC1!,40650.0,40815.0,39165.0,39455.0,4525.0
2022-04-25 06:00:00,CME:BTC1!,39595.0,40400.0,38190.0,40210.0,7333.0
2022-04-26 06:00:00,CME:BTC1!,40210.0,40765.0,37665.0,38220.0,10107.0
2022-04-27 06:00:00,CME:BTC1!,38210.0,39475.0,37665.0,38900.0,6779.0
2022-04-28 06:00:00,CME:BTC1!,39300.0,40475.0,38900.0,40025.0,6542.0
2022-04-29 06:00:00,CME:BTC1!,39875.0,39960.0,38130.0,38285.0,4974.0
2022-05-02 06:00:00,CME:BTC1!,38350.0,39180.0,38005.0,38540.0,4364.0
2022-05-03 06:00:00,CME:BTC1!,38685.0,38810.0,37420.0,37635.0,4864.0
2022-05-04 06:00:00,CME:BTC1!,37725.0,40100.0,37535.0,39900.0,8011.0
2022-05-05 06:00:00,CME:BTC1!,39795.0,39860.0,35520.0,36270.0,10002.0
2022-05-06 06:00:00,CME:BTC1!,36405.0,36595.0,35180.0,35925.0,5712.0
2022-05-09 06:00:00,CME:BTC1!,34455.0,34455.0,30300.0,30930.0,12896.0
2022-05-10 06:00:00,CME:BTC1!,30960.0,32615.0,29700.0,31280.0,7243.0
2022-05-11 06:00:00,CME:BTC1!,30195.0,32140.0,28105.0,29195.0,19281.0
2022-05-12 06:00:00,CME:BTC1!,28860.0,30100.0,25350.0,28585.0,15142.0
2022-05-13 06:00:00,CME:BTC1!,28255.0,31000.0,28230.0,30035.0,6899.0
2022-05-16 06:00:00,CME:BTC1!,31000.0,31400.0,29020.0,29505.0,6177.0
2022-05-17 06:00:00,CME:BTC1!,30130.0,30745.0,29420.0,30000.0,7459.0
2022-05-18 06:00:00,CME:BTC1!,30560.0,30650.0,28650.0,29185.0,7228.0
2022-05-19 06:00:00,CME:BTC1!,29025.0,30510.0,28555.0,29945.0,8809.0
2022-05-20 06:00:00,CME:BTC1!,30235.0,30715.0,28635.0,29260.0,9098.0
2022-05-23 06:00:00,CME:BTC1!,30010.0,30680.0,28960.0,29015.0,11285.0
2022-05-24 06:00:00,CME:BTC1!,29235.0,29580.0,28570.0,29305.0,11237.0
2022-05-25 06:00:00,CME:BTC1!,29585.0,30225.0,29300.0,29535.0,9662.0
2022-05-26 06:00:00,CME:BTC1!,29815.0,29840.0,27890.0,29365.0,10553.0
2022-05-27 06:00:00,CME:BTC1!,28600.0,29640.0,28165.0,28815.0,8360.0
2022-05-30 06:00:00,CME:BTC1!,29170.0,32455.0,29110.0,31650.0,14873.0
2022-06-01 06:00:00,CME:BTC1!,31700.0,32020.0,29265.0,30035.0,7625.0
2022-06-02 06:00:00,CME:BTC1!,29535.0,30435.0,29480.0,30290.0,6669.0
2022-06-03 06:00:00,CME:BTC1!,30355.0,30725.0,29165.0,29535.0,6335.0
2022-06-06 06:00:00,CME:BTC1!,29900.0,31805.0,29820.0,31490.0,9293.0
2022-06-07 06:00:00,CME:BTC1!,31500.0,31575.0,29130.0,31045.0,11270.0
2022-06-08 06:00:00,CME:BTC1!,31460.0,31580.0,29775.0,30080.0,7937.0
2022-06-09 06:00:00,CME:BTC1!,30320.0,30665.0,29880.0,29945.0,4174.0
2022-06-10 06:00:00,CME:BTC1!,30085.0,31025.0,28740.0,28920.0,8031.0
2022-06-13 06:00:00,CME:BTC1!,27355.0,27365.0,22490.0,23110.0,18646.0
2022-06-14 06:00:00,CME:BTC1!,23010.0,23290.0,20775.0,22125.0,16480.0
2022-06-15 06:00:00,CME:BTC1!,21460.0,22385.0,20025.0,21625.0,19873.0
2022-06-16 06:00:00,CME:BTC1!,22165.0,22945.0,20435.0,20790.0,9773.0
2022-06-17 06:00:00,CME:BTC1!,20645.0,21315.0,20145.0,20470.0,8720.0
2022-06-20 06:00:00,CME:BTC1!,20390.0,21715.0,19600.0,20860.0,18029.0
2022-06-22 06:00:00,CME:BTC1!,20920.0,20920.0,19760.0,20105.0,13382.0
2022-06-23 06:00:00,CME:BTC1!,20015.0,21100.0,19885.0,20900.0,7558.0
2022-06-24 06:00:00,CME:BTC1!,20675.0,21465.0,20675.0,21255.0,7037.0
2022-06-27 06:00:00,CME:BTC1!,21360.0,21530.0,20420.0,20800.0,5894.0
2022-06-28 06:00:00,CME:BTC1!,20765.0,21195.0,20125.0,20175.0,5868.0
2022-06-29 06:00:00,CME:BTC1!,20290.0,20405.0,19775.0,20185.0,6703.0
2022-06-30 06:00:00,CME:BTC1!,20240.0,20295.0,18525.0,18760.0,10284.0
2022-07-01 06:00:00,CME:BTC1!,18700.0,20790.0,18630.0,19315.0,10646.0
2022-07-04 06:00:00,CME:BTC1!,19270.0,20740.0,18985.0,20390.0,15041.0
2022-07-06 06:00:00,CME:BTC1!,20310.0,20450.0,19730.0,20275.0,5808.0
2022-07-07 06:00:00,CME:BTC1!,20360.0,21890.0,20245.0,21855.0,8758.0
2022-07-08 06:00:00,CME:BTC1!,21670.0,22550.0,21160.0,21765.0,9678.0
2022-07-11 06:00:00,CME:BTC1!,21045.0,21045.0,20215.0,20455.0,7657.0
2022-07-12 06:00:00,CME:BTC1!,20190.0,20190.0,19215.0,19315.0,7721.0
2022-07-13 06:00:00,CME:BTC1!,19290.0,20090.0,18830.0,19615.0,12021.0
2022-07-14 06:00:00,CME:BTC1!,19890.0,20885.0,19585.0,20625.0,10781.0
2022-07-15 06:00:00,CME:BTC1!,20440.0,21215.0,20360.0,21190.0,6272.0
2022-07-18 06:00:00,CME:BTC1!,21080.0,22785.0,20750.0,21620.0,10033.0
2022-07-19 06:00:00,CME:BTC1!,21660.0,23725.0,21575.0,23460.0,11774.0
2022-07-20 06:00:00,CME:BTC1!,23650.0,24300.0,22930.0,23695.0,10139.0
2022-07-21 06:00:00,CME:BTC1!,23595.0,23685.0,22365.0,23230.0,7350.0
2022-07-22 06:00:00,CME:BTC1!,23210.0,23800.0,22540.0,22615.0,6639.0
2022-07-25 06:00:00,CME:BTC1!,22830.0,23035.0,21580.0,21885.0,10395.0
2022-07-26 06:00:00,CME:BTC1!,22045.0,22045.0,20715.0,20915.0,11713.0
2022-07-27 06:00:00,CME:BTC1!,21015.0,23120.0,21000.0,22780.0,13017.0
2022-07-28 06:00:00,CME:BTC1!,22850.0,24380.0,22640.0,23925.0,8974.0
2022-07-29 06:00:00,CME:BTC1!,24010.0,24620.0,23560.0,23990.0,7464.0
2022-08-01 06:00:00,CME:BTC1!,23655.0,23685.0,22895.0,23030.0,5781.0
2022-08-02 06:00:00,CME:BTC1!,23050.0,23510.0,22685.0,23000.0,5487.0
2022-08-03 06:00:00,CME:BTC1!,23175.0,23705.0,22730.0,23540.0,6020.0
2022-08-04 06:00:00,CME:BTC1!,23370.0,23370.0,22405.0,22455.0,7914.0
2022-08-05 06:00:00,CME:BTC1!,22505.0,23555.0,22475.0,22960.0,8818.0
2022-08-08 06:00:00,CME:BTC1!,23310.0,24355.0,23085.0,23985.0,7581.0
2022-08-09 06:00:00,CME:BTC1!,23880.0,23965.0,22850.0,23060.0,8218.0
2022-08-10 06:00:00,CME:BTC1!,23200.0,24240.0,22630.0,23655.0,9528.0
2022-08-11 06:00:00,CME:BTC1!,24000.0,24980.0,23840.0,24245.0,9242.0
2022-08-12 06:00:00,CME:BTC1!,24225.0,24315.0,23600.0,24240.0,4938.0
2022-08-15 06:00:00,CME:BTC1!,24360.0,25270.0,23890.0,24000.0,7443.0
2022-08-16 06:00:00,CME:BTC1!,24060.0,24265.0,23640.0,23945.0,5100.0
2022-08-17 06:00:00,CME:BTC1!,23960.0,24465.0,23145.0,23230.0,8565.0
2022-08-18 06:00:00,CME:BTC1!,23260.0,23590.0,23210.0,23335.0,3984.0
2022-08-19 06:00:00,CME:BTC1!,23330.0,23370.0,21035.0,21230.0,11296.0
2022-08-22 06:00:00,CME:BTC1!,21420.0,21595.0,20805.0,20965.0,7314.0
2022-08-23 06:00:00,CME:BTC1!,21055.0,21660.0,20790.0,21490.0,8565.0
2022-08-24 06:00:00,CME:BTC1!,21480.0,21900.0,21125.0,21710.0,9887.0
2022-08-25 06:00:00,CME:BTC1!,21545.0,21750.0,21235.0,21495.0,8515.0
2022-08-26 06:00:00,CME:BTC1!,21450.0,21820.0,20310.0,20420.0,13737.0
2022-08-29 06:00:00,CME:BTC1!,19890.0,20315.0,19345.0,19965.0,7992.0
2022-08-30 06:00:00,CME:BTC1!,19985.0,20630.0,19345.0,19770.0,7230.0
2022-08-31 06:00:00,CME:BTC1!,19745.0,20400.0,19585.0,20065.0,7256.0
2022-09-01 06:00:00,CME:BTC1!,20130.0,20145.0,19310.0,19695.0,7103.0
2022-09-02 06:00:00,CME:BTC1!,19975.0,20390.0,19555.0,19775.0,9765.0
2022-09-05 06:00:00,CME:BTC1!,19745.0,20080.0,18480.0,18635.0,15290.0
2022-09-07 06:00:00,CME:BTC1!,18780.0,19365.0,18360.0,18925.0,6749.0
2022-09-08 06:00:00,CME:BTC1!,19170.0,19400.0,18905.0,19260.0,7811.0
2022-09-09 06:00:00,CME:BTC1!,19010.0,21485.0,19010.0,21345.0,16199.0
2022-09-12 06:00:00,CME:BTC1!,21500.0,22530.0,21500.0,22455.0,8764.0
2022-09-13 06:00:00,CME:BTC1!,22390.0,22875.0,20050.0,20240.0,15358.0
2022-09-14 06:00:00,CME:BTC1!,20110.0,20500.0,19585.0,19925.0,7625.0
2022-09-15 06:00:00,CME:BTC1!,20130.0,20345.0,19450.0,19730.0,7042.0
2022-09-16 06:00:00,CME:BTC1!,19750.0,19865.0,19275.0,19575.0,6561.0
2022-09-19 06:00:00,CME:BTC1!,19490.0,19620.0,18195.0,19480.0,12241.0
2022-09-20 06:00:00,CME:BTC1!,19525.0,19640.0,18690.0,18950.0,8868.0
2022-09-21 06:00:00,CME:BTC1!,18880.0,19885.0,18670.0,18980.0,15361.0
2022-09-22 06:00:00,CME:BTC1!,18510.0,19475.0,18085.0,19295.0,9042.0
2022-09-23 06:00:00,CME:BTC1!,19200.0,19495.0,18455.0,18745.0,9164.0
2022-09-26 06:00:00,CME:BTC1!,18700.0,19300.0,18545.0,19180.0,11533.0
2022-09-27 06:00:00,CME:BTC1!,19060.0,20400.0,18775.0,19045.0,18567.0
2022-09-28 06:00:00,CME:BTC1!,18975.0,19685.0,18440.0,19565.0,14508.0
2022-09-29 06:00:00,CME:BTC1!,19595.0,19635.0,18735.0,19370.0,8360.0
2022-09-30 06:00:00,CME:BTC1!,19395.0,20180.0,19130.0,19425.0,12261.0
2022-10-03 06:00:00,CME:BTC1!,19190.0,19690.0,18785.0,19525.0,12200.0
2022-10-04 06:00:00,CME:BTC1!,19535.0,20535.0,19515.0,20285.0,11729.0
2022-10-05 06:00:00,CME:BTC1!,20385.0,20440.0,19740.0,20140.0,9665.0
2022-10-06 06:00:00,CME:BTC1!,20085.0,20515.0,19870.0,20025.0,9200.0
2022-10-07 06:00:00,CME:BTC1!,19870.0,20080.0,19260.0,19410.0,11120.0
2022-10-10 06:00:00,CME:BTC1!,19390.0,19465.0,19015.0,19125.0,7446.0
2022-10-11 06:00:00,CME:BTC1!,19165.0,19225.0,18760.0,18900.0,9226.0
2022-10-12 06:00:00,CME:BTC1!,18935.0,19145.0,18900.0,19095.0,5182.0
2022-10-13 06:00:00,CME:BTC1!,19150.0,19575.0,17810.0,19360.0,23505.0
2022-10-14 06:00:00,CME:BTC1!,19415.0,19975.0,19065.0,19110.0,14027.0
2022-10-17 06:00:00,CME:BTC1!,19070.0,19680.0,19070.0,19515.0,7538.0
2022-10-18 06:00:00,CME:BTC1!,19525.0,19715.0,19045.0,19180.0,8664.0
2022-10-19 06:00:00,CME:BTC1!,19255.0,19340.0,19035.0,19200.0,5612.0
2022-10-20 06:00:00,CME:BTC1!,19150.0,19340.0,18875.0,19030.0,9380.0
2022-10-21 06:00:00,CME:BTC1!,19050.0,19250.0,18615.0,19195.0,10597.0
2022-10-24 06:00:00,CME:BTC1!,19470.0,19695.0,19130.0,19340.0,11740.0
2022-10-25 06:00:00,CME:BTC1!,19310.0,20445.0,19230.0,20305.0,18642.0
2022-10-26 06:00:00,CME:BTC1!,20215.0,21055.0,20015.0,20780.0,16618.0
2022-10-27 06:00:00,CME:BTC1!,20730.0,20960.0,20335.0,20720.0,8249.0
2022-10-28 06:00:00,CME:BTC1!,20490.0,20810.0,19960.0,20680.0,8559.0
2022-10-31 06:00:00,CME:BTC1!,20715.0,20890.0,20220.0,20380.0,7208.0
2022-11-01 06:00:00,CME:BTC1!,20430.0,20725.0,20320.0,20480.0,4663.0
2022-11-02 06:00:00,CME:BTC1!,20500.0,20870.0,20105.0,20265.0,9266.0
2022-11-03 06:00:00,CME:BTC1!,20165.0,20415.0,20030.0,20285.0,7002.0
2022-11-04 06:00:00,CME:BTC1!,20280.0,21400.0,20185.0,21155.0,16426.0
2022-11-07 07:00:00,CME:BTC1!,21200.0,21215.0,20635.0,20845.0,6250.0
2022-11-08 07:00:00,CME:BTC1!,20500.0,20700.0,16835.0,18080.0,44896.0
2022-11-09 07:00:00,CME:BTC1!,18480.0,18565.0,14925.0,15615.0,29101.0
2022-11-10 07:00:00,CME:BTC1!,15440.0,17935.0,15230.0,17780.0,18015.0
2022-11-11 07:00:00,CME:BTC1!,17460.0,17480.0,15715.0,16050.0,12252.0
2022-11-14 07:00:00,CME:BTC1!,15870.0,16740.0,15250.0,16005.0,7191.0
2022-11-15 07:00:00,CME:BTC1!,16085.0,16990.0,16085.0,16690.0,7408.0
2022-11-16 07:00:00,CME:BTC1!,16715.0,16855.0,16015.0,16285.0,7008.0
2022-11-17 07:00:00,CME:BTC1!,16370.0,16610.0,16115.0,16520.0,5977.0
2022-11-18 07:00:00,CME:BTC1!,16545.0,16880.0,16365.0,16530.0,6052.0
2022-11-21 07:00:00,CME:BTC1!,16155.0,16265.0,15355.0,15690.0,12988.0
2022-11-22 07:00:00,CME:BTC1!,15645.0,16295.0,15515.0,16055.0,12763.0
2022-11-23 07:00:00,CME:BTC1!,15665.0,16290.0,15540.0,16255.0,7688.0
2022-11-24 07:00:00,CME:BTC1!,16160.0,16460.0,15980.0,16300.0,3599.0
2022-11-28 07:00:00,CME:BTC1!,16335.0,16375.0,15630.0,15990.0,6804.0
2022-11-29 07:00:00,CME:BTC1!,15920.0,16410.0,15880.0,16265.0,4649.0
2022-11-30 07:00:00,CME:BTC1!,16235.0,17140.0,16160.0,17080.0,8018.0
2022-12-01 07:00:00,CME:BTC1!,17190.0,17235.0,16760.0,16820.0,6039.0
2022-12-02 07:00:00,CME:BTC1!,16870.0,17055.0,16055.0,16995.0,3869.0
2022-12-05 07:00:00,CME:BTC1!,17020.0,17435.0,16750.0,16825.0,6335.0
2022-12-06 07:00:00,CME:BTC1!,16865.0,17025.0,16800.0,16945.0,3720.0
2022-12-07 07:00:00,CME:BTC1!,16935.0,17090.0,16580.0,16725.0,3966.0
2022-12-08 07:00:00,CME:BTC1!,16760.0,17320.0,16665.0,17185.0,7120.0
2022-12-09 07:00:00,CME:BTC1!,17240.0,17355.0,17005.0,17035.0,4444.0
2022-12-12 07:00:00,CME:BTC1!,17080.0,17220.0,16820.0,17115.0,4191.0
2022-12-13 07:00:00,CME:BTC1!,17170.0,18125.0,17050.0,17745.0,9178.0
2022-12-14 07:00:00,CME:BTC1!,17775.0,18420.0,17680.0,17795.0,7805.0
2022-12-15 07:00:00,CME:BTC1!,17840.0,17875.0,17290.0,17395.0,5851.0
2022-12-16 07:00:00,CME:BTC1!,17340.0,17525.0,16675.0,16775.0,7266.0
2022-12-19 07:00:00,CME:BTC1!,16690.0,16770.0,16395.0,16495.0,4393.0
2022-12-20 07:00:00,CME:BTC1!,16325.0,17095.0,16275.0,16840.0,5601.0
2022-12-21 07:00:00,CME:BTC1!,16870.0,16885.0,16670.0,16735.0,2295.0
2022-12-22 07:00:00,CME:BTC1!,16725.0,16850.0,16460.0,16735.0,5529.0
2022-12-23 07:00:00,CME:BTC1!,16760.0,16910.0,16695.0,16780.0,5712.0
2022-12-27 07:00:00,CME:BTC1!,16825.0,16950.0,16515.0,16595.0,7685.0
2022-12-28 07:00:00,CME:BTC1!,16640.0,16760.0,16420.0,16570.0,9933.0
2022-12-29 07:00:00,CME:BTC1!,16330.0,16475.0,16220.0,16385.0,4264.0
2022-12-30 07:00:00,CME:BTC1!,16445.0,16630.0,16090.0,16535.0,6062.0
2023-01-03 07:00:00,CME:BTC1!,16675.0,16765.0,16525.0,16615.0,4086.0
2023-01-04 07:00:00,CME:BTC1!,16625.0,17015.0,16610.0,16780.0,7387.0
2023-01-05 07:00:00,CME:BTC1!,16810.0,16890.0,16715.0,16840.0,3408.0
2023-01-06 07:00:00,CME:BTC1!,16825.0,17085.0,16645.0,16895.0,6144.0
2023-01-09 07:00:00,CME:BTC1!,16980.0,17440.0,16955.0,17225.0,7471.0
2023-01-10 07:00:00,CME:BTC1!,17180.0,17555.0,17135.0,17535.0,5068.0
2023-01-11 07:00:00,CME:BTC1!,17490.0,17635.0,17330.0,17615.0,4674.0
2023-01-12 07:00:00,CME:BTC1!,17625.0,19200.0,17615.0,19155.0,14036.0
2023-01-13 07:00:00,CME:BTC1!,18945.0,19995.0,18785.0,19550.0,7033.0
2023-01-16 07:00:00,CME:BTC1!,20985.0,21725.0,20690.0,21485.0,12709.0
2023-01-18 07:00:00,CME:BTC1!,21325.0,21795.0,20460.0,20800.0,13106.0
2023-01-19 07:00:00,CME:BTC1!,20905.0,21275.0,20730.0,21200.0,5319.0
2023-01-20 07:00:00,CME:BTC1!,21155.0,22525.0,20935.0,22390.0,9472.0
2023-01-23 07:00:00,CME:BTC1!,22605.0,23240.0,22585.0,23090.0,10731.0
2023-01-24 07:00:00,CME:BTC1!,22990.0,23210.0,22775.0,23065.0,7975.0
2023-01-25 07:00:00,CME:BTC1!,22770.0,23770.0,22345.0,22940.0,10974.0
2023-01-26 07:00:00,CME:BTC1!,23200.0,23460.0,23030.0,23335.0,8326.0
2023-01-27 07:00:00,CME:BTC1!,23270.0,23750.0,22765.0,23320.0,7950.0
2023-01-30 07:00:00,CME:BTC1!,23900.0,24080.0,22715.0,22825.0,5865.0
2023-01-31 07:00:00,CME:BTC1!,22870.0,23410.0,22850.0,23250.0,3489.0
2023-02-01 07:00:00,CME:BTC1!,23335.0,23965.0,22905.0,23755.0,5605.0
2023-02-02 07:00:00,CME:BTC1!,23940.0,24450.0,23550.0,24005.0,7693.0
2023-02-03 07:00:00,CME:BTC1!,23665.0,23890.0,23340.0,23485.0,6471.0
2023-02-06 07:00:00,CME:BTC1!,23100.0,23275.0,22755.0,23110.0,4857.0
2023-02-07 07:00:00,CME:BTC1!,22960.0,23460.0,22725.0,23300.0,5725.0
2023-02-08 07:00:00,CME:BTC1!,23300.0,23540.0,22695.0,22885.0,5590.0
2023-02-09 07:00:00,CME:BTC1!,23015.0,23085.0,21720.0,22010.0,10270.0
2023-02-10 07:00:00,CME:BTC1!,21825.0,21970.0,21505.0,21775.0,6154.0
2023-02-13 07:00:00,CME:BTC1!,21820.0,21930.0,21380.0,21710.0,7442.0
2023-02-14 07:00:00,CME:BTC1!,21700.0,22375.0,21575.0,22335.0,8590.0
2023-02-15 07:00:00,CME:BTC1!,22270.0,24415.0,22100.0,24250.0,10953.0
2023-02-16 07:00:00,CME:BTC1!,24285.0,25345.0,24245.0,24640.0,16546.0
2023-02-17 07:00:00,CME:BTC1!,24080.0,25095.0,23430.0,24870.0,12414.0
2023-02-20 07:00:00,CME:BTC1!,24505.0,25335.0,23905.0,24490.0,19029.0
2023-02-22 07:00:00,CME:BTC1!,24395.0,24495.0,23590.0,23800.0,13563.0
2023-02-23 07:00:00,CME:BTC1!,24320.0,24785.0,23815.0,24170.0,6839.0
2023-02-24 07:00:00,CME:BTC1!,24075.0,24365.0,22965.0,23345.0,12099.0
2023-02-27 07:00:00,CME:BTC1!,23565.0,24060.0,23235.0,23445.0,6664.0
2023-02-28 07:00:00,CME:BTC1!,23585.0,23780.0,23150.0,23410.0,4903.0
2023-03-01 07:00:00,CME:BTC1!,23275.0,24165.0,23140.0,23530.0,6343.0
2023-03-02 07:00:00,CME:BTC1!,23645.0,23925.0,23300.0,23590.0,4721.0
2023-03-03 07:00:00,CME:BTC1!,23560.0,23615.0,22020.0,22320.0,12038.0
2023-03-06 07:00:00,CME:BTC1!,22455.0,22665.0,22300.0,22390.0,4800.0
2023-03-07 07:00:00,CME:BTC1!,22455.0,22600.0,21940.0,22070.0,6742.0
2023-03-08 07:00:00,CME:BTC1!,22100.0,22300.0,21880.0,22115.0,6280.0
2023-03-09 07:00:00,CME:BTC1!,21800.0,21850.0,19960.0,20065.0,14035.0
2023-03-10 07:00:00,CME:BTC1!,20300.0,20330.0,19520.0,19965.0,13496.0
2023-03-13 06:00:00,CME:BTC1!,21250.0,24620.0,21110.0,24405.0,28142.0
2023-03-14 06:00:00,CME:BTC1!,24230.0,26615.0,24030.0,25240.0,16272.0
2023-03-15 06:00:00,CME:BTC1!,24655.0,25440.0,24005.0,24490.0,13885.0
2023-03-16 06:00:00,CME:BTC1!,24610.0,25300.0,24250.0,25090.0,6503.0
2023-03-17 06:00:00,CME:BTC1!,25040.0,27155.0,25000.0,27000.0,12866.0
2023-03-20 06:00:00,CME:BTC1!,28095.0,28715.0,27320.0,27945.0,9810.0
2023-03-21 06:00:00,CME:BTC1!,28150.0,28680.0,27555.0,28310.0,6288.0
2023-03-22 06:00:00,CME:BTC1!,28210.0,29045.0,26700.0,26800.0,10975.0
2023-03-23 06:00:00,CME:BTC1!,27200.0,28935.0,27075.0,28550.0,11418.0
2023-03-24 06:00:00,CME:BTC1!,28385.0,28570.0,27480.0,27915.0,5845.0
2023-03-27 06:00:00,CME:BTC1!,27960.0,28240.0,26520.0,26980.0,11152.0
2023-03-28 06:00:00,CME:BTC1!,27175.0,27545.0,26650.0,27455.0,9898.0
2023-03-29 06:00:00,CME:BTC1!,27170.0,28685.0,27170.0,28440.0,9845.0
2023-03-30 06:00:00,CME:BTC1!,28590.0,29415.0,27915.0,28220.0,5849.0
2023-03-31 06:00:00,CME:BTC1!,28335.0,29155.0,27745.0,28740.0,6392.0
2023-04-03 06:00:00,CME:BTC1!,28540.0,28775.0,27595.0,28265.0,7861.0
2023-04-04 06:00:00,CME:BTC1!,27930.0,28650.0,27855.0,28375.0,6996.0
2023-04-05 06:00:00,CME:BTC1!,28390.0,28985.0,27935.0,28385.0,8243.0
2023-04-06 06:00:00,CME:BTC1!,28350.0,28350.0,27765.0,28140.0,5239.0
2023-04-07 06:00:00,CME:BTC1!,28105.0,28215.0,27870.0,28045.0,1295.0
2023-04-10 06:00:00,CME:BTC1!,28505.0,29670.0,28265.0,29420.0,9746.0
2023-04-11 06:00:00,CME:BTC1!,29445.0,30775.0,29435.0,30325.0,8509.0
2023-04-12 06:00:00,CME:BTC1!,30365.0,30710.0,29800.0,29925.0,5859.0
2023-04-13 06:00:00,CME:BTC1!,30035.0,30900.0,29940.0,30530.0,5866.0
2023-04-14 06:00:00,CME:BTC1!,30445.0,31200.0,30065.0,30470.0,7294.0
2023-04-17 06:00:00,CME:BTC1!,30585.0,30585.0,29285.0,29550.0,6895.0
2023-04-18 06:00:00,CME:BTC1!,29555.0,30590.0,29145.0,30325.0,5579.0
2023-04-19 06:00:00,CME:BTC1!,30435.0,30520.0,29010.0,29265.0,7617.0
2023-04-20 06:00:00,CME:BTC1!,29195.0,29255.0,27985.0,28095.0,7611.0
2023-04-21 06:00:00,CME:BTC1!,28240.0,28360.0,27195.0,27310.0,6273.0
2023-04-24 06:00:00,CME:BTC1!,27425.0,28010.0,26980.0,27400.0,7463.0
2023-04-25 06:00:00,CME:BTC1!,27450.0,28070.0,27195.0,27605.0,7926.0
2023-04-26 06:00:00,CME:BTC1!,28320.0,30050.0,27250.0,27900.0,14869.0
2023-04-27 06:00:00,CME:BTC1!,28725.0,30130.0,28415.0,29940.0,6966.0
2023-04-28 06:00:00,CME:BTC1!,29930.0,29930.0,29060.0,29475.0,6022.0
2023-05-01 06:00:00,CME:BTC1!,29615.0,29615.0,27710.0,27915.0,8811.0
2023-05-02 06:00:00,CME:BTC1!,28030.0,29055.0,27955.0,28850.0,7112.0
2023-05-03 06:00:00,CME:BTC1!,28795.0,28955.0,28180.0,28415.0,6486.0
2023-05-04 06:00:00,CME:BTC1!,29005.0,29525.0,28775.0,29015.0,6574.0
2023-05-05 06:00:00,CME:BTC1!,28940.0,29910.0,28860.0,29765.0,8255.0
2023-05-08 06:00:00,CME:BTC1!,29105.0,29110.0,27320.0,27365.0,11968.0
2023-05-09 06:00:00,CME:BTC1!,27595.0,27875.0,27400.0,27770.0,4968.0
2023-05-10 06:00:00,CME:BTC1!,27660.0,28415.0,26745.0,27775.0,11878.0
2023-05-11 06:00:00,CME:BTC1!,27615.0,27810.0,26730.0,26845.0,7435.0
2023-05-12 06:00:00,CME:BTC1!,27010.0,27085.0,25840.0,26485.0,7783.0
2023-05-15 06:00:00,CME:BTC1!,26885.0,27740.0,26770.0,27475.0,5914.0
2023-05-16 06:00:00,CME:BTC1!,27410.0,27420.0,26905.0,26965.0,4243.0
2023-05-17 06:00:00,CME:BTC1!,27055.0,27520.0,26540.0,27430.0,6683.0
2023-05-18 06:00:00,CME:BTC1!,27390.0,27545.0,26375.0,26780.0,7836.0
2023-05-19 06:00:00,CME:BTC1!,26885.0,27235.0,26675.0,26885.0,5175.0
2023-05-22 06:00:00,CME:BTC1!,26825.0,27160.0,26540.0,26865.0,7447.0
2023-05-23 06:00:00,CME:BTC1!,26915.0,27565.0,26800.0,27200.0,9455.0
2023-05-24 06:00:00,CME:BTC1!,27250.0,27265.0,26015.0,26225.0,13562.0
2023-05-25 06:00:00,CME:BTC1!,26555.0,26655.0,25985.0,26565.0,7966.0
2023-05-26 06:00:00,CME:BTC1!,26510.0,27105.0,26395.0,26915.0,5519.0
2023-05-29 06:00:00,CME:BTC1!,27915.0,28665.0,27700.0,28070.0,10217.0
2023-05-31 06:00:00,CME:BTC1!,27905.0,28040.0,26910.0,27075.0,9363.0
2023-06-01 06:00:00,CME:BTC1!,27185.0,27440.0,26675.0,26925.0,5116.0
2023-06-02 06:00:00,CME:BTC1!,26965.0,27440.0,26560.0,27385.0,7219.0
2023-06-05 06:00:00,CME:BTC1!,27335.0,27615.0,25390.0,25640.0,14010.0
2023-06-06 06:00:00,CME:BTC1!,25665.0,27375.0,25315.0,27265.0,14581.0
2023-06-07 06:00:00,CME:BTC1!,27170.0,27525.0,26330.0,26610.0,7113.0
2023-06-08 06:00:00,CME:BTC1!,26335.0,26955.0,26200.0,26650.0,4011.0
2023-06-09 06:00:00,CME:BTC1!,26710.0,26920.0,26380.0,26475.0,4376.0
2023-06-12 06:00:00,CME:BTC1!,26155.0,26190.0,25670.0,25890.0,5095.0
2023-06-13 06:00:00,CME:BTC1!,26010.0,26555.0,25725.0,25930.0,5185.0
2023-06-14 06:00:00,CME:BTC1!,25890.0,26155.0,24815.0,25900.0,5866.0
2023-06-15 06:00:00,CME:BTC1!,25110.0,25620.0,24745.0,25470.0,10605.0
2023-06-16 06:00:00,CME:BTC1!,25600.0,26600.0,25145.0,26445.0,10238.0
2023-06-19 06:00:00,CME:BTC1!,26485.0,28445.0,26310.0,28180.0,17218.0
2023-06-21 06:00:00,CME:BTC1!,28250.0,30940.0,28250.0,30260.0,18504.0
2023-06-22 06:00:00,CME:BTC1!,30020.0,30685.0,29740.0,30370.0,10153.0
2023-06-23 06:00:00,CME:BTC1!,30175.0,31655.0,29975.0,31120.0,12562.0
2023-06-26 06:00:00,CME:BTC1!,30690.0,30800.0,30000.0,30315.0,9077.0
2023-06-27 06:00:00,CME:BTC1!,30215.0,31115.0,30185.0,30705.0,10865.0
2023-06-28 06:00:00,CME:BTC1!,30785.0,30785.0,29870.0,30110.0,11519.0
2023-06-29 06:00:00,CME:BTC1!,30460.0,31260.0,30420.0,31040.0,8930.0
2023-06-30 06:00:00,CME:BTC1!,30875.0,31730.0,29605.0,30680.0,19808.0
2023-07-03 06:00:00,CME:BTC1!,30850.0,31835.0,30735.0,31700.0,6603.0
2023-07-04 06:00:00,CME:BTC1!,31480.0,31725.0,30420.0,30675.0,9567.0
2023-07-06 06:00:00,CME:BTC1!,30705.0,31860.0,30060.0,30510.0,11172.0
2023-07-07 06:00:00,CME:BTC1!,30370.0,30685.0,29875.0,30370.0,6541.0
2023-07-10 06:00:00,CME:BTC1!,30290.0,31260.0,30075.0,31055.0,5866.0
2023-07-11 06:00:00,CME:BTC1!,30700.0,31000.0,30305.0,30755.0,6161.0
2023-07-12 06:00:00,CME:BTC1!,30705.0,31190.0,30325.0,30395.0,10377.0
2023-07-13 06:00:00,CME:BTC1!,30460.0,32165.0,30360.0,31925.0,14992.0
2023-07-14 06:00:00,CME:BTC1!,31515.0,31910.0,30025.0,30235.0,11611.0
2023-07-17 06:00:00,CME:BTC1!,30415.0,30495.0,29740.0,29990.0,6236.0
2023-07-18 06:00:00,CME:BTC1!,30335.0,30355.0,29535.0,29785.0,5773.0
2023-07-19 06:00:00,CME:BTC1!,29810.0,30275.0,29775.0,30105.0,5138.0
2023-07-20 06:00:00,CME:BTC1!,29955.0,30515.0,29560.0,29765.0,9406.0
2023-07-21 06:00:00,CME:BTC1!,29920.0,30120.0,29735.0,29885.0,5304.0
2023-07-24 06:00:00,CME:BTC1!,29960.0,30135.0,28810.0,29105.0,13190.0
2023-07-25 06:00:00,CME:BTC1!,29145.0,29390.0,29055.0,29180.0,8133.0
2023-07-26 06:00:00,CME:BTC1!,29240.0,29690.0,29075.0,29395.0,8174.0
2023-07-27 06:00:00,CME:BTC1!,29730.0,29840.0,29175.0,29310.0,7289.0
2023-07-28 06:00:00,CME:BTC1!,29330.0,29805.0,29275.0,29535.0,6829.0
2023-07-31 06:00:00,CME:BTC1!,29390.0,29760.0,29255.0,29285.0,5498.0
2023-08-01 06:00:00,CME:BTC1!,29400.0,29520.0,28625.0,29440.0,10567.0
2023-08-02 06:00:00,CME:BTC1!,29385.0,30245.0,28980.0,29280.0,10812.0
2023-08-03 06:00:00,CME:BTC1!,29285.0,29600.0,29060.0,29410.0,4673.0
2023-08-04 06:00:00,CME:BTC1!,29400.0,29490.0,28860.0,29090.0,5362.0
2023-08-07 06:00:00,CME:BTC1!,29125.0,29315.0,28720.0,29255.0,6493.0
2023-08-08 06:00:00,CME:BTC1!,29320.0,30260.0,29235.0,30075.0,10861.0
2023-08-09 06:00:00,CME:BTC1!,30065.0,30275.0,29460.0,29510.0,7172.0
2023-08-10 06:00:00,CME:BTC1!,29635.0,29855.0,29390.0,29495.0,4119.0
2023-08-11 06:00:00,CME:BTC1!,29560.0,29680.0,29310.0,29465.0,4910.0
2023-08-14 06:00:00,CME:BTC1!,29450.0,29810.0,29095.0,29395.0,7834.0
2023-08-15 06:00:00,CME:BTC1!,29460.0,29595.0,29115.0,29225.0,4356.0
2023-08-16 06:00:00,CME:BTC1!,29255.0,29305.0,28855.0,29130.0,5150.0
2023-08-17 06:00:00,CME:BTC1!,28955.0,28990.0,27485.0,27850.0,14274.0
2023-08-18 06:00:00,CME:BTC1!,26475.0,27005.0,25600.0,26020.0,11658.0
2023-08-21 06:00:00,CME:BTC1!,26195.0,26220.0,25795.0,26065.0,7374.0
2023-08-22 06:00:00,CME:BTC1!,26160.0,26165.0,25690.0,25730.0,7666.0
2023-08-23 06:00:00,CME:BTC1!,25595.0,26810.0,25585.0,26640.0,12134.0
2023-08-24 06:00:00,CME:BTC1!,26470.0,26690.0,25955.0,26140.0,6618.0
2023-08-25 06:00:00,CME:BTC1!,26130.0,26445.0,25865.0,26080.0,5998.0
2023-08-28 06:00:00,CME:BTC1!,26210.0,26360.0,25930.0,26090.0,3315.0
2023-08-29 06:00:00,CME:BTC1!,26075.0,28335.0,25980.0,28010.0,19905.0
2023-08-30 06:00:00,CME:BTC1!,27875.0,27970.0,27130.0,27260.0,7293.0
2023-08-31 06:00:00,CME:BTC1!,27385.0,27705.0,26010.0,26240.0,10310.0
2023-09-01 06:00:00,CME:BTC1!,26070.0,26225.0,25400.0,25700.0,6918.0
2023-09-04 06:00:00,CME:BTC1!,25985.0,26170.0,25580.0,25735.0,4758.0
2023-09-06 06:00:00,CME:BTC1!,25795.0,26140.0,25335.0,25705.0,5237.0
2023-09-07 06:00:00,CME:BTC1!,25795.0,26090.0,25630.0,25980.0,3776.0
2023-09-08 06:00:00,CME:BTC1!,26210.0,26560.0,25690.0,26005.0,6232.0
2023-09-11 06:00:00,CME:BTC1!,25930.0,26120.0,24925.0,25030.0,8627.0
2023-09-12 06:00:00,CME:BTC1!,25140.0,26685.0,25100.0,26125.0,11268.0
2023-09-13 06:00:00,CME:BTC1!,26180.0,26520.0,25845.0,26205.0,5247.0
2023-09-14 06:00:00,CME:BTC1!,26330.0,26955.0,26215.0,26765.0,5968.0
2023-09-15 06:00:00,CME:BTC1!,26635.0,26780.0,26265.0,26475.0,3990.0
2023-09-18 06:00:00,CME:BTC1!,26560.0,27550.0,26425.0,26885.0,10480.0
2023-09-19 06:00:00,CME:BTC1!,26885.0,27620.0,26715.0,27270.0,8349.0
2023-09-20 06:00:00,CME:BTC1!,27225.0,27455.0,26845.0,26990.0,5569.0
2023-09-21 06:00:00,CME:BTC1!,27165.0,27230.0,26380.0,26635.0,6747.0
2023-09-22 06:00:00,CME:BTC1!,26600.0,26815.0,26525.0,26545.0,3757.0
2023-09-25 06:00:00,CME:BTC1!,26545.0,26545.0,25985.0,26355.0,9696.0
2023-09-26 06:00:00,CME:BTC1!,26300.0,26430.0,26090.0,26245.0,8234.0
2023-09-27 06:00:00,CME:BTC1!,26150.0,26890.0,26080.0,26250.0,12318.0
2023-09-28 06:00:00,CME:BTC1!,26400.0,27590.0,26400.0,27355.0,13005.0
2023-09-29 06:00:00,CME:BTC1!,27255.0,27460.0,26800.0,27100.0,6417.0
2023-10-02 06:00:00,CME:BTC1!,27190.0,28950.0,27190.0,28150.0,16751.0
2023-10-03 06:00:00,CME:BTC1!,27680.0,27805.0,27290.0,27385.0,8348.0
2023-10-04 06:00:00,CME:BTC1!,27520.0,28015.0,27270.0,27775.0,5558.0
2023-10-05 06:00:00,CME:BTC1!,27855.0,28340.0,27465.0,27605.0,10419.0
2023-10-06 06:00:00,CME:BTC1!,27600.0,28275.0,27290.0,28145.0,9349.0
2023-10-09 06:00:00,CME:BTC1!,28085.0,28145.0,27370.0,27735.0,7430.0
2023-10-10 06:00:00,CME:BTC1!,27720.0,27890.0,27390.0,27490.0,6128.0
2023-10-11 06:00:00,CME:BTC1!,27540.0,27590.0,26575.0,26800.0,10160.0
2023-10-12 06:00:00,CME:BTC1!,26775.0,27025.0,26575.0,26755.0,4426.0
2023-10-13 06:00:00,CME:BTC1!,26795.0,27160.0,26695.0,26840.0,4859.0
2023-10-16 06:00:00,CME:BTC1!,27275.0,30365.0,27145.0,28575.0,26787.0
2023-10-17 06:00:00,CME:BTC1!,28575.0,28805.0,28245.0,28620.0,6603.0
2023-10-18 06:00:00,CME:BTC1!,28590.0,29120.0,28215.0,28320.0,4733.0
2023-10-19 06:00:00,CME:BTC1!,28335.0,29095.0,28175.0,28900.0,7780.0
2023-10-20 06:00:00,CME:BTC1!,28745.0,30465.0,28700.0,29685.0,10080.0
2023-10-23 06:00:00,CME:BTC1!,29860.0,31940.0,29840.0,31485.0,15576.0
2023-10-24 06:00:00,CME:BTC1!,31705.0,35265.0,31705.0,33845.0,26556.0
2023-10-25 06:00:00,CME:BTC1!,34150.0,35245.0,33745.0,34840.0,13542.0
2023-10-26 06:00:00,CME:BTC1!,35005.0,35345.0,34150.0,34305.0,11346.0
2023-10-27 06:00:00,CME:BTC1!,34420.0,34630.0,33655.0,33955.0,7077.0
2023-10-30 06:00:00,CME:BTC1!,34785.0,35175.0,34330.0,34765.0,6449.0
2023-10-31 06:00:00,CME:BTC1!,34775.0,35110.0,34295.0,34905.0,5971.0
2023-11-01 06:00:00,CME:BTC1!,34865.0,35940.0,34310.0,34965.0,9752.0
2023-11-02 06:00:00,CME:BTC1!,35810.0,36575.0,34590.0,35300.0,10328.0
2023-11-03 06:00:00,CME:BTC1!,35200.0,35265.0,34395.0,34805.0,6829.0
2023-11-06 07:00:00,CME:BTC1!,35310.0,35820.0,35030.0,35320.0,5080.0
2023-11-07 07:00:00,CME:BTC1!,35385.0,36340.0,34755.0,36145.0,8038.0
2023-11-08 07:00:00,CME:BTC1!,35760.0,36415.0,35300.0,35895.0,7862.0
2023-11-09 07:00:00,CME:BTC1!,36090.0,38380.0,35865.0,36805.0,16525.0
2023-11-10 07:00:00,CME:BTC1!,36815.0,37875.0,36605.0,37555.0,8283.0
2023-11-13 07:00:00,CME:BTC1!,37510.0,37720.0,36505.0,36915.0,6819.0
2023-11-14 07:00:00,CME:BTC1!,36805.0,36975.0,34820.0,35365.0,10502.0
2023-11-15 07:00:00,CME:BTC1!,35665.0,38130.0,35490.0,37820.0,12335.0
2023-11-16 07:00:00,CME:BTC1!,37955.0,38285.0,35610.0,36040.0,11861.0
2023-11-17 07:00:00,CME:BTC1!,36295.0,37045.0,35945.0,36565.0,10400.0
2023-11-20 07:00:00,CME:BTC1!,37075.0,37865.0,36745.0,37615.0,15555.0
2023-11-21 07:00:00,CME:BTC1!,37525.0,37745.0,36225.0,36920.0,17841.0
2023-11-22 07:00:00,CME:BTC1!,37020.0,38635.0,36185.0,38330.0,8767.0
2023-11-23 07:00:00,CME:BTC1!,38245.0,39360.0,37600.0,38575.0,10216.0
2023-11-27 07:00:00,CME:BTC1!,38365.0,38365.0,37100.0,37210.0,8695.0
2023-11-28 07:00:00,CME:BTC1!,37555.0,39250.0,37300.0,38885.0,12491.0
2023-11-29 07:00:00,CME:BTC1!,38585.0,39105.0,38005.0,38065.0,9088.0
2023-11-30 07:00:00,CME:BTC1!,38205.0,38650.0,37870.0,38190.0,6891.0
2023-12-01 07:00:00,CME:BTC1!,38150.0,39640.0,38045.0,39225.0,11744.0
2023-12-04 07:00:00,CME:BTC1!,40480.0,42715.0,40325.0,42280.0,13276.0
2023-12-05 07:00:00,CME:BTC1!,42395.0,44725.0,41810.0,44290.0,10616.0
2023-12-06 07:00:00,CME:BTC1!,44770.0,44775.0,43815.0,44215.0,9164.0
2023-12-07 07:00:00,CME:BTC1!,44220.0,44555.0,43355.0,43700.0,7768.0
2023-12-08 07:00:00,CME:BTC1!,43595.0,45260.0,43515.0,44910.0,7011.0
2023-12-11 07:00:00,CME:BTC1!,44320.0,44320.0,40450.0,41035.0,14410.0
2023-12-12 07:00:00,CME:BTC1!,41530.0,42295.0,40895.0,41455.0,6933.0
2023-12-13 07:00:00,CME:BTC1!,41445.0,43505.0,40800.0,43210.0,7734.0
2023-12-14 07:00:00,CME:BTC1!,43350.0,43710.0,41935.0,43140.0,8287.0
2023-12-15 07:00:00,CME:BTC1!,43285.0,43455.0,41855.0,42440.0,6434.0
2023-12-18 07:00:00,CME:BTC1!,41950.0,42995.0,40705.0,42105.0,6931.0
2023-12-19 07:00:00,CME:BTC1!,42770.0,43670.0,41905.0,42360.0,9272.0
2023-12-20 07:00:00,CME:BTC1!,42455.0,44585.0,42305.0,43630.0,10587.0
2023-12-21 07:00:00,CME:BTC1!,43770.0,44465.0,43470.0,43860.0,8472.0
2023-12-22 07:00:00,CME:BTC1!,44110.0,44640.0,43495.0,43765.0,9107.0
2023-12-26 07:00:00,CME:BTC1!,43740.0,43760.0,41645.0,42150.0,11155.0
2023-12-27 07:00:00,CME:BTC1!,42475.0,43685.0,42150.0,43565.0,9099.0
2023-12-28 07:00:00,CME:BTC1!,44140.0,44620.0,42845.0,43110.0,6988.0
2023-12-29 07:00:00,CME:BTC1!,43155.0,43700.0,41930.0,42485.0,6815.0
2024-01-02 07:00:00,CME:BTC1!,43965.0,47095.0,43965.0,45330.0,19344.0
2024-01-03 07:00:00,CME:BTC1!,45500.0,46015.0,41110.0,43080.0,14998.0
2024-01-04 07:00:00,CME:BTC1!,43285.0,45425.0,43005.0,44630.0,8081.0
2024-01-05 07:00:00,CME:BTC1!,44845.0,44870.0,43160.0,44385.0,6448.0
2024-01-08 07:00:00,CME:BTC1!,44300.0,47800.0,43490.0,47305.0,13422.0
2024-01-09 07:00:00,CME:BTC1!,47495.0,48500.0,45270.0,47045.0,13488.0
2024-01-10 07:00:00,CME:BTC1!,46405.0,47075.0,44505.0,46325.0,18562.0
2024-01-11 07:00:00,CME:BTC1!,47080.0,49435.0,45700.0,46350.0,26661.0
2024-01-12 07:00:00,CME:BTC1!,46505.0,46685.0,43165.0,43690.0,19477.0
2024-01-15 07:00:00,CME:BTC1!,42365.0,43675.0,41705.0,43295.0,14369.0
2024-01-17 07:00:00,CME:BTC1!,43370.0,43405.0,42215.0,42810.0,7598.0
2024-01-18 07:00:00,CME:BTC1!,42745.0,42945.0,40590.0,40880.0,13037.0
2024-01-19 07:00:00,CME:BTC1!,41300.0,42165.0,40300.0,41585.0,11085.0
2024-01-22 07:00:00,CME:BTC1!,41600.0,41665.0,39345.0,40180.0,13318.0
2024-01-23 07:00:00,CME:BTC1!,39755.0,40170.0,38540.0,39235.0,12701.0
2024-01-24 07:00:00,CME:BTC1!,39450.0,40540.0,39450.0,39700.0,11877.0
2024-01-25 07:00:00,CME:BTC1!,40255.0,40625.0,39850.0,40025.0,6512.0
2024-01-26 07:00:00,CME:BTC1!,40070.0,42595.0,40070.0,42390.0,9966.0
2024-01-29 07:00:00,CME:BTC1!,42190.0,43665.0,42040.0,43530.0,7389.0
2024-01-30 07:00:00,CME:BTC1!,43445.0,44255.0,43435.0,43890.0,7256.0
2024-01-31 07:00:00,CME:BTC1!,43705.0,44120.0,42575.0,42815.0,7804.0
2024-02-01 07:00:00,CME:BTC1!,42930.0,43600.0,42100.0,43275.0,6568.0
2024-02-02 07:00:00,CME:BTC1!,43215.0,43785.0,42810.0,43185.0,4777.0
2024-02-05 07:00:00,CME:BTC1!,42790.0,43810.0,42340.0,42555.0,6737.0
2024-02-06 07:00:00,CME:BTC1!,42695.0,43645.0,42590.0,43305.0,4921.0
2024-02-07 07:00:00,CME:BTC1!,43470.0,44695.0,42930.0,44410.0,7443.0
2024-02-08 07:00:00,CME:BTC1!,44410.0,45885.0,44410.0,45750.0,8758.0
2024-02-09 07:00:00,CME:BTC1!,45535.0,48505.0,45535.0,47770.0,11047.0
2024-02-12 07:00:00,CME:BTC1!,48460.0,50675.0,47950.0,50465.0,9063.0
2024-02-13 07:00:00,CME:BTC1!,50285.0,50730.0,48600.0,49640.0,9230.0
2024-02-14 07:00:00,CME:BTC1!,49650.0,52390.0,49535.0,51990.0,10316.0
2024-02-15 07:00:00,CME:BTC1!,52165.0,53145.0,51605.0,51955.0,9406.0
2024-02-16 07:00:00,CME:BTC1!,51825.0,52855.0,51825.0,52025.0,8909.0
2024-02-19 07:00:00,CME:BTC1!,52425.0,53200.0,50830.0,52090.0,16703.0
2024-02-21 07:00:00,CME:BTC1!,52330.0,52670.0,50630.0,50955.0,12760.0
2024-02-22 07:00:00,CME:BTC1!,52250.0,52830.0,51590.0,52715.0,9798.0
2024-02-23 07:00:00,CME:BTC1!,52335.0,52335.0,51225.0,51750.0,5157.0
2024-02-26 07:00:00,CME:BTC1!,52320.0,55740.0,51460.0,55290.0,11813.0
2024-02-27 07:00:00,CME:BTC1!,55430.0,58335.0,55250.0,57620.0,13225.0
2024-02-28 07:00:00,CME:BTC1!,57700.0,64990.0,57350.0,60870.0,24495.0
2024-02-29 07:00:00,CME:BTC1!,61940.0,64325.0,60975.0,62760.0,18024.0
2024-03-01 07:00:00,CME:BTC1!,62005.0,64065.0,61490.0,63825.0,10098.0
2024-03-04 07:00:00,CME:BTC1!,63760.0,68765.0,63055.0,68480.0,14722.0
2024-03-05 07:00:00,CME:BTC1!,68665.0,70195.0,60120.0,62425.0,24388.0
2024-03-06 07:00:00,CME:BTC1!,63935.0,68200.0,63385.0,67760.0,13346.0
2024-03-07 07:00:00,CME:BTC1!,66855.0,68840.0,66060.0,68365.0,8061.0
2024-03-08 07:00:00,CME:BTC1!,68015.0,71055.0,66755.0,69805.0,11249.0
2024-03-11 06:00:00,CME:BTC1!,69660.0,73550.0,67550.0,72660.0,12897.0
2024-03-12 06:00:00,CME:BTC1!,73100.0,73775.0,69125.0,71800.0,13572.0
2024-03-13 06:00:00,CME:BTC1!,71370.0,74365.0,71210.0,73915.0,7789.0
2024-03-14 06:00:00,CME:BTC1!,73800.0,74415.0,68805.0,69600.0,12636.0
2024-03-15 06:00:00,CME:BTC1!,71055.0,72870.0,66125.0,69165.0,15859.0
2024-03-18 06:00:00,CME:BTC1!,68480.0,69275.0,66830.0,67180.0,8669.0
2024-03-19 06:00:00,CME:BTC1!,67755.0,68385.0,62485.0,64595.0,13848.0
2024-03-20 06:00:00,CME:BTC1!,64130.0,68020.0,61020.0,65990.0,13914.0
2024-03-21 06:00:00,CME:BTC1!,67990.0,68400.0,64600.0,65415.0,12956.0
2024-03-22 06:00:00,CME:BTC1!,65710.0,66750.0,62655.0,63975.0,11341.0
2024-03-25 06:00:00,CME:BTC1!,66505.0,71425.0,66390.0,71130.0,17480.0
2024-03-26 06:00:00,CME:BTC1!,70095.0,71595.0,69330.0,69440.0,13919.0
2024-03-27 06:00:00,CME:BTC1!,70815.0,72500.0,69025.0,69310.0,10303.0
2024-03-28 06:00:00,CME:BTC1!,69615.0,72495.0,69375.0,71530.0,7625.0
2024-04-01 06:00:00,CME:BTC1!,71500.0,72230.0,68590.0,70380.0,8077.0
2024-04-02 06:00:00,CME:BTC1!,70340.0,70555.0,65000.0,66550.0,10550.0
2024-04-03 06:00:00,CME:BTC1!,65865.0,67455.0,64910.0,66305.0,6321.0
2024-04-04 06:00:00,CME:BTC1!,66250.0,69910.0,65425.0,68840.0,9226.0
2024-04-05 06:00:00,CME:BTC1!,68230.0,69160.0,66300.0,67755.0,7986.0
2024-04-08 06:00:00,CME:BTC1!,69105.0,73380.0,69080.0,72110.0,10264.0
2024-04-09 06:00:00,CME:BTC1!,72185.0,72455.0,68545.0,69355.0,9476.0
2024-04-10 06:00:00,CME:BTC1!,69565.0,70560.0,67770.0,70410.0,10230.0
2024-04-11 06:00:00,CME:BTC1!,70460.0,71770.0,69850.0,70800.0,7179.0
2024-04-12 06:00:00,CME:BTC1!,70570.0,71805.0,65375.0,67170.0,14415.0
2024-04-15 06:00:00,CME:BTC1!,64100.0,67215.0,62560.0,63560.0,15198.0
2024-04-16 06:00:00,CME:BTC1!,63560.0,64085.0,61895.0,62920.0,9645.0
2024-04-17 06:00:00,CME:BTC1!,64125.0,64665.0,59705.0,61130.0,15392.0
2024-04-18 06:00:00,CME:BTC1!,61425.0,64390.0,61005.0,63660.0,12012.0
2024-04-19 06:00:00,CME:BTC1!,63680.0,65640.0,59635.0,64355.0,12735.0
2024-04-22 06:00:00,CME:BTC1!,64695.0,66945.0,64495.0,66610.0,10176.0
2024-04-23 06:00:00,CME:BTC1!,66690.0,67340.0,65795.0,66435.0,9402.0
2024-04-24 06:00:00,CME:BTC1!,66335.0,67120.0,63435.0,63880.0,12369.0
2024-04-25 06:00:00,CME:BTC1!,64835.0,65605.0,63275.0,65270.0,7236.0
2024-04-26 06:00:00,CME:BTC1!,65390.0,65395.0,63775.0,64300.0,5338.0
2024-04-29 06:00:00,CME:BTC1!,64620.0,64620.0,62135.0,63450.0,6714.0
2024-04-30 06:00:00,CME:BTC1!,63645.0,65335.0,59300.0,59400.0,12130.0
2024-05-01 06:00:00,CME:BTC1!,60345.0,61150.0,56910.0,57355.0,12640.0
2024-05-02 06:00:00,CME:BTC1!,58340.0,60070.0,57265.0,59765.0,7940.0
2024-05-03 06:00:00,CME:BTC1!,59565.0,63660.0,59265.0,62590.0,8896.0
2024-05-06 06:00:00,CME:BTC1!,64185.0,66015.0,63075.0,63585.0,6195.0
2024-05-07 06:00:00,CME:BTC1!,63905.0,64835.0,63160.0,63365.0,3917.0
2024-05-08 06:00:00,CME:BTC1!,63305.0,63445.0,61725.0,62460.0,4441.0
2024-05-09 06:00:00,CME:BTC1!,62110.0,63120.0,60875.0,62840.0,4727.0
2024-05-10 06:00:00,CME:BTC1!,62980.0,63890.0,60425.0,60950.0,9605.0
2024-05-13 06:00:00,CME:BTC1!,61465.0,63855.0,61045.0,63480.0,8495.0
2024-05-14 06:00:00,CME:BTC1!,63295.0,63485.0,61350.0,61835.0,5849.0
2024-05-15 06:00:00,CME:BTC1!,61925.0,66870.0,61540.0,66495.0,12434.0
2024-05-16 06:00:00,CME:BTC1!,66390.0,67135.0,64890.0,65445.0,6307.0
2024-05-17 06:00:00,CME:BTC1!,65815.0,67865.0,65345.0,67365.0,7980.0
2024-05-20 06:00:00,CME:BTC1!,66525.0,70805.0,66300.0,70435.0,9663.0
2024-05-21 06:00:00,CME:BTC1!,70115.0,72360.0,69420.0,69500.0,11094.0
2024-05-22 06:00:00,CME:BTC1!,70060.0,71010.0,69410.0,69815.0,6283.0
2024-05-23 06:00:00,CME:BTC1!,69795.0,70370.0,66400.0,67205.0,10274.0
2024-05-24 06:00:00,CME:BTC1!,68100.0,69585.0,66730.0,69475.0,9374.0
2024-05-27 06:00:00,CME:BTC1!,68735.0,70855.0,67250.0,68455.0,15960.0
2024-05-29 06:00:00,CME:BTC1!,68420.0,68965.0,67080.0,67185.0,7983.0
2024-05-30 06:00:00,CME:BTC1!,68240.0,70295.0,67735.0,69345.0,10428.0
2024-05-31 06:00:00,CME:BTC1!,69110.0,69725.0,67000.0,68035.0,7435.0
2024-06-03 06:00:00,CME:BTC1!,68200.0,70975.0,68070.0,69660.0,9361.0
2024-06-04 06:00:00,CME:BTC1!,69560.0,71770.0,68965.0,71085.0,8788.0
2024-06-05 06:00:00,CME:BTC1!,71155.0,72455.0,70840.0,71890.0,6981.0
2024-06-06 06:00:00,CME:BTC1!,71840.0,72265.0,70515.0,70960.0,5012.0
2024-06-07 06:00:00,CME:BTC1!,71260.0,72660.0,68595.0,69755.0,11270.0
2024-06-10 06:00:00,CME:BTC1!,69995.0,70655.0,69480.0,69875.0,4482.0
2024-06-11 06:00:00,CME:BTC1!,69775.0,69895.0,66335.0,67735.0,10980.0
2024-06-12 06:00:00,CME:BTC1!,67710.0,70480.0,67220.0,67875.0,10968.0
2024-06-13 06:00:00,CME:BTC1!,68855.0,68855.0,66395.0,66860.0,7277.0
2024-06-14 06:00:00,CME:BTC1!,67260.0,67655.0,65200.0,65640.0,6556.0
2024-06-17 06:00:00,CME:BTC1!,66350.0,67525.0,65180.0,66865.0,7918.0
2024-06-18 06:00:00,CME:BTC1!,66695.0,66920.0,64080.0,64475.0,9773.0
2024-06-19 06:00:00,CME:BTC1!,65190.0,66675.0,64595.0,65100.0,9083.0
2024-06-21 06:00:00,CME:BTC1!,65185.0,65260.0,63395.0,64260.0,9351.0
2024-06-24 06:00:00,CME:BTC1!,64005.0,64005.0,58410.0,59145.0,15686.0
2024-06-25 06:00:00,CME:BTC1!,59950.0,62460.0,59890.0,62055.0,13612.0
2024-06-26 06:00:00,CME:BTC1!,61995.0,62495.0,60690.0,60940.0,9045.0
2024-06-27 06:00:00,CME:BTC1!,61440.0,62935.0,61065.0,61845.0,6817.0
2024-06-28 06:00:00,CME:BTC1!,61925.0,62635.0,60190.0,60325.0,8336.0
2024-07-01 06:00:00,CME:BTC1!,62085.0,64335.0,62085.0,63695.0,9316.0
2024-07-02 06:00:00,CME:BTC1!,63535.0,63630.0,62035.0,62185.0,6486.0
2024-07-03 06:00:00,CME:BTC1!,62275.0,62510.0,59740.0,59825.0,7862.0
2024-07-04 06:00:00,CME:BTC1!,60300.0,60635.0,53635.0,56685.0,18530.0
2024-07-08 06:00:00,CME:BTC1!,56850.0,58525.0,54580.0,56755.0,10642.0
2024-07-09 06:00:00,CME:BTC1!,56825.0,58570.0,56540.0,58160.0,7065.0
2024-07-10 06:00:00,CME:BTC1!,58120.0,59740.0,57365.0,57625.0,6654.0
2024-07-11 06:00:00,CME:BTC1!,57685.0,59895.0,57235.0,57580.0,7909.0
2024-07-12 06:00:00,CME:BTC1!,57565.0,58790.0,56685.0,57845.0,6811.0
2024-07-15 06:00:00,CME:BTC1!,60985.0,64210.0,60845.0,63700.0,13383.0
2024-07-16 06:00:00,CME:BTC1!,63845.0,65505.0,62680.0,65450.0,11092.0
2024-07-17 06:00:00,CME:BTC1!,64805.0,66295.0,64015.0,64730.0,8505.0
2024-07-18 06:00:00,CME:BTC1!,64540.0,65390.0,63340.0,63650.0,7890.0
2024-07-19 06:00:00,CME:BTC1!,64045.0,67740.0,63430.0,67480.0,17385.0
2024-07-22 06:00:00,CME:BTC1!,68655.0,68655.0,66670.0,68340.0,13300.0
2024-07-23 06:00:00,CME:BTC1!,68095.0,68135.0,65495.0,65565.0,12316.0
2024-07-24 06:00:00,CME:BTC1!,65895.0,67230.0,65535.0,65700.0,10505.0
2024-07-25 06:00:00,CME:BTC1!,66400.0,66400.0,64080.0,65390.0,9576.0
2024-07-26 06:00:00,CME:BTC1!,66610.0,69025.0,66350.0,68775.0,8446.0
2024-07-29 06:00:00,CME:BTC1!,68930.0,70825.0,67035.0,67860.0,12489.0
2024-07-30 06:00:00,CME:BTC1!,67970.0,68135.0,65800.0,66385.0,8097.0
2024-07-31 06:00:00,CME:BTC1!,66835.0,67360.0,65030.0,65685.0,7240.0
2024-08-01 06:00:00,CME:BTC1!,65365.0,65720.0,62615.0,63790.0,11015.0
2024-08-02 06:00:00,CME:BTC1!,65200.0,66065.0,62470.0,62945.0,11759.0
2024-08-05 06:00:00,CME:BTC1!,58885.0,59445.0,49365.0,53770.0,30884.0
2024-08-06 06:00:00,CME:BTC1!,54705.0,57420.0,54230.0,57145.0,11490.0
2024-08-07 06:00:00,CME:BTC1!,56805.0,58030.0,54870.0,55000.0,9708.0
2024-08-08 06:00:00,CME:BTC1!,55635.0,60240.0,54790.0,59695.0,11456.0
2024-08-09 06:00:00,CME:BTC1!,60620.0,62970.0,59810.0,60990.0,8408.0
2024-08-12 06:00:00,CME:BTC1!,59250.0,60910.0,57945.0,59200.0,8516.0
2024-08-13 06:00:00,CME:BTC1!,59415.0,61895.0,58600.0,61105.0,7446.0
2024-08-14 06:00:00,CME:BTC1!,61270.0,62200.0,58855.0,59080.0,7782.0
2024-08-15 06:00:00,CME:BTC1!,59000.0,60050.0,56295.0,57220.0,9285.0
2024-08-16 06:00:00,CME:BTC1!,57755.0,60130.0,57270.0,59990.0,10524.0
2024-08-19 06:00:00,CME:BTC1!,59700.0,59810.0,58000.0,59200.0,6577.0
2024-08-20 06:00:00,CME:BTC1!,59175.0,61650.0,58690.0,59670.0,10871.0
2024-08-21 06:00:00,CME:BTC1!,59365.0,61995.0,58900.0,61730.0,8981.0
2024-08-22 06:00:00,CME:BTC1!,61410.0,61700.0,59840.0,60350.0,9974.0
2024-08-23 06:00:00,CME:BTC1!,60610.0,64000.0,60365.0,63815.0,19987.0
2024-08-26 06:00:00,CME:BTC1!,64500.0,65200.0,63120.0,63330.0,11300.0
2024-08-27 06:00:00,CME:BTC1!,63255.0,63510.0,61445.0,62055.0,11849.0
2024-08-28 06:00:00,CME:BTC1!,60485.0,60485.0,57885.0,58950.0,13769.0
2024-08-29 06:00:00,CME:BTC1!,59575.0,61585.0,59190.0,59645.0,10034.0
2024-08-30 06:00:00,CME:BTC1!,59720.0,60275.0,58025.0,58980.0,9451.0
2024-09-02 06:00:00,CME:BTC1!,58645.0,60185.0,57315.0,58240.0,11642.0
2024-09-04 06:00:00,CME:BTC1!,58365.0,58840.0,55725.0,58355.0,10982.0
2024-09-05 06:00:00,CME:BTC1!,58485.0,58665.0,55955.0,56215.0,10653.0
2024-09-06 06:00:00,CME:BTC1!,56375.0,57270.0,52820.0,53695.0,14268.0
2024-09-09 06:00:00,CME:BTC1!,54565.0,57480.0,54545.0,57410.0,11263.0
2024-09-10 06:00:00,CME:BTC1!,57500.0,58265.0,56610.0,58195.0,6715.0
2024-09-11 06:00:00,CME:BTC1!,57765.0,58210.0,55645.0,57860.0,12196.0
2024-09-12 06:00:00,CME:BTC1!,57545.0,58755.0,57415.0,58580.0,7146.0
2024-09-13 06:00:00,CME:BTC1!,58180.0,60245.0,57810.0,59935.0,9727.0
2024-09-16 06:00:00,CME:BTC1!,59920.0,59920.0,57550.0,57985.0,9573.0
2024-09-17 06:00:00,CME:BTC1!,58020.0,61560.0,57665.0,60105.0,14607.0
2024-09-18 06:00:00,CME:BTC1!,60395.0,61495.0,59270.0,60140.0,10263.0
2024-09-19 06:00:00,CME:BTC1!,60420.0,64045.0,60345.0,63415.0,11001.0
2024-09-20 06:00:00,CME:BTC1!,63000.0,64200.0,62430.0,62935.0,10825.0
2024-09-23 06:00:00,CME:BTC1!,62935.0,64835.0,62430.0,63360.0,10084.0
2024-09-24 06:00:00,CME:BTC1!,63360.0,64720.0,62745.0,64460.0,12625.0
2024-09-25 06:00:00,CME:BTC1!,64205.0,64975.0,63005.0,63200.0,10119.0
2024-09-26 06:00:00,CME:BTC1!,63895.0,66430.0,63100.0,65215.0,12634.0
2024-09-27 06:00:00,CME:BTC1!,65595.0,67135.0,65220.0,66140.0,10156.0
2024-09-30 06:00:00,CME:BTC1!,66285.0,66400.0,63340.0,63745.0,12426.0
2024-10-01 06:00:00,CME:BTC1!,64040.0,64430.0,60450.0,61965.0,13503.0
2024-10-02 06:00:00,CME:BTC1!,61360.0,62665.0,60265.0,60430.0,9309.0
2024-10-03 06:00:00,CME:BTC1!,61000.0,61685.0,60070.0,61295.0,6977.0
2024-10-04 06:00:00,CME:BTC1!,61125.0,63085.0,60635.0,62715.0,7563.0
2024-10-07 06:00:00,CME:BTC1!,62675.0,64770.0,62615.0,63560.0,8352.0
2024-10-08 06:00:00,CME:BTC1!,63600.0,63600.0,61995.0,62400.0,6539.0
2024-10-09 06:00:00,CME:BTC1!,62545.0,62720.0,60440.0,61115.0,6181.0
2024-10-10 06:00:00,CME:BTC1!,60920.0,61450.0,58945.0,59795.0,8549.0
2024-10-11 06:00:00,CME:BTC1!,60220.0,63675.0,59990.0,63305.0,12263.0
2024-10-14 06:00:00,CME:BTC1!,63150.0,66580.0,62645.0,66145.0,13384.0
2024-10-15 06:00:00,CME:BTC1!,65950.0,68225.0,65005.0,67220.0,15057.0
2024-10-16 06:00:00,CME:BTC1!,66670.0,68695.0,66665.0,67925.0,8332.0
2024-10-17 06:00:00,CME:BTC1!,67810.0,68150.0,66765.0,66905.0,7484.0
2024-10-18 06:00:00,CME:BTC1!,67245.0,69255.0,67245.0,68785.0,12552.0
2024-10-21 06:00:00,CME:BTC1!,69295.0,69635.0,66855.0,67790.0,14146.0
2024-10-22 06:00:00,CME:BTC1!,67780.0,67860.0,66565.0,67490.0,10746.0
2024-10-23 06:00:00,CME:BTC1!,67610.0,67870.0,65210.0,66360.0,12272.0
2024-10-24 06:00:00,CME:BTC1!,67080.0,68970.0,66860.0,68840.0,8492.0
2024-10-25 06:00:00,CME:BTC1!,68880.0,69500.0,66375.0,67285.0,10944.0
2024-10-28 06:00:00,CME:BTC1!,68185.0,70600.0,68070.0,70300.0,8448.0
2024-10-29 06:00:00,CME:BTC1!,70500.0,74485.0,70460.0,73340.0,13100.0
2024-10-30 06:00:00,CME:BTC1!,73170.0,73775.0,72135.0,72535.0,7999.0
2024-10-31 06:00:00,CME:BTC1!,73290.0,73600.0,70080.0,70465.0,11205.0
2024-11-01 06:00:00,CME:BTC1!,70885.0,72190.0,69230.0,69730.0,11898.0
2024-11-04 07:00:00,CME:BTC1!,69000.0,69785.0,67140.0,67680.0,10301.0
2024-11-05 07:00:00,CME:BTC1!,68250.0,70980.0,67740.0,69860.0,8871.0
2024-11-06 07:00:00,CME:BTC1!,70000.0,77140.0,69645.0,76875.0,29081.0
2024-11-07 07:00:00,CME:BTC1!,76395.0,77535.0,75070.0,77180.0,11723.0
2024-11-08 07:00:00,CME:BTC1!,76510.0,77930.0,76225.0,77360.0,10585.0
2024-11-11 07:00:00,CME:BTC1!,81210.0,89140.0,80670.0,87735.0,22345.0
2024-11-12 07:00:00,CME:BTC1!,88735.0,90725.0,85890.0,90090.0,21811.0
2024-11-13 07:00:00,CME:BTC1!,89320.0,94065.0,86925.0,90255.0,20471.0
2024-11-14 07:00:00,CME:BTC1!,89990.0,92335.0,87345.0,87920.0,12045.0
2024-11-15 07:00:00,CME:BTC1!,87970.0,92350.0,87005.0,91985.0,12201.0
2024-11-18 07:00:00,CME:BTC1!,90195.0,93215.0,89755.0,92060.0,12505.0
2024-11-19 07:00:00,CME:BTC1!,91840.0,94715.0,90770.0,93060.0,14591.0
2024-11-20 07:00:00,CME:BTC1!,92330.0,95565.0,92005.0,94740.0,13156.0
2024-11-21 07:00:00,CME:BTC1!,94665.0,99575.0,94290.0,98735.0,20641.0
2024-11-22 07:00:00,CME:BTC1!,98860.0,100170.0,97430.0,99485.0,17264.0
2024-11-25 07:00:00,CME:BTC1!,98555.0,99275.0,93490.0,94945.0,18093.0
2024-11-26 07:00:00,CME:BTC1!,95470.0,96245.0,91720.0,91930.0,9937.0
2024-11-27 07:00:00,CME:BTC1!,92695.0,98575.0,92445.0,97945.0,12335.0
2024-11-28 07:00:00,CME:BTC1!,97710.0,100315.0,95980.0,98365.0,9278.0
2024-12-02 07:00:00,CME:BTC1!,98875.0,99565.0,95270.0,96635.0,12122.0
2024-12-03 07:00:00,CME:BTC1!,96380.0,97395.0,94435.0,96535.0,9601.0
2024-12-04 07:00:00,CME:BTC1!,97040.0,100280.0,95390.0,99915.0,13087.0
2024-12-05 07:00:00,CME:BTC1!,99390.0,105325.0,98610.0,99775.0,19550.0
2024-12-06 07:00:00,CME:BTC1!,97320.0,102990.0,96155.0,102435.0,11218.0
2024-12-09 07:00:00,CME:BTC1!,101300.0,102265.0,94640.0,96790.0,14138.0
2024-12-10 07:00:00,CME:BTC1!,97490.0,98985.0,94785.0,96975.0,11149.0
2024-12-11 07:00:00,CME:BTC1!,97550.0,102465.0,96290.0,102150.0,13648.0
2024-12-12 07:00:00,CME:BTC1!,102000.0,103225.0,99775.0,100405.0,12579.0
2024-12-13 07:00:00,CME:BTC1!,100875.0,102605.0,99620.0,102300.0,11146.0
2024-12-16 07:00:00,CME:BTC1!,103670.0,108475.0,103670.0,106560.0,15357.0
2024-12-17 07:00:00,CME:BTC1!,106395.0,108960.0,106000.0,107190.0,11429.0
2024-12-18 07:00:00,CME:BTC1!,106500.0,106960.0,100325.0,100870.0,18669.0
2024-12-19 07:00:00,CME:BTC1!,101385.0,103190.0,95765.0,96505.0,19910.0
2024-12-20 07:00:00,CME:BTC1!,98415.0,98435.0,92355.0,96600.0,20236.0
2024-12-23 07:00:00,CME:BTC1!,95730.0,96595.0,92460.0,93270.0,14664.0
2024-12-24 07:00:00,CME:BTC1!,95800.0,100925.0,94435.0,100320.0,11227.0
2024-12-26 07:00:00,CME:BTC1!,100615.0,101435.0,96075.0,96505.0,11193.0
2024-12-27 07:00:00,CME:BTC1!,96775.0,98425.0,93985.0,95310.0,7880.0
2024-12-30 07:00:00,CME:BTC1!,93995.0,95580.0,91735.0,94955.0,8813.0
2024-12-31 07:00:00,CME:BTC1!,93280.0,97010.0,92615.0,94120.0,5745.0
2025-01-02 07:00:00,CME:BTC1!,95270.0,98735.0,94830.0,98190.0,8727.0
2025-01-03 07:00:00,CME:BTC1!,97710.0,99920.0,96770.0,99230.0,6396.0
2025-01-06 07:00:00,CME:BTC1!,99450.0,103565.0,98660.0,103150.0,11431.0
2025-01-07 07:00:00,CME:BTC1!,103020.0,103685.0,96525.0,96785.0,16649.0
2025-01-08 07:00:00,CME:BTC1!,97520.0,97565.0,92745.0,94230.0,9662.0
2025-01-09 07:00:00,CME:BTC1!,95560.0,95640.0,91300.0,92140.0,8380.0
2025-01-10 07:00:00,CME:BTC1!,92675.0,96375.0,92350.0,95210.0,12066.0
2025-01-13 07:00:00,CME:BTC1!,94500.0,96420.0,89525.0,93905.0,16032.0
2025-01-14 07:00:00,CME:BTC1!,94700.0,97810.0,94550.0,96905.0,11867.0
2025-01-15 07:00:00,CME:BTC1!,96990.0,101240.0,96855.0,100060.0,12804.0
2025-01-16 07:00:00,CME:BTC1!,100125.0,101425.0,97555.0,100700.0,10448.0
2025-01-17 07:00:00,CME:BTC1!,100265.0,106575.0,100190.0,105280.0,13868.0
2025-01-20 07:00:00,CME:BTC1!,103510.0,110150.0,99745.0,106400.0,31624.0
2025-01-22 07:00:00,CME:BTC1!,106395.0,106615.0,103465.0,104430.0,10580.0
2025-01-23 07:00:00,CME:BTC1!,104230.0,107100.0,101280.0,103415.0,26998.0
2025-01-24 07:00:00,CME:BTC1!,103970.0,107485.0,102860.0,105060.0,16363.0
2025-01-27 07:00:00,CME:BTC1!,104695.0,104695.0,97650.0,101495.0,25893.0
2025-01-28 07:00:00,CME:BTC1!,101730.0,103870.0,100300.0,101205.0,14163.0
2025-01-29 07:00:00,CME:BTC1!,102000.0,105745.0,101525.0,105110.0,8440.0
2025-01-30 07:00:00,CME:BTC1!,104775.0,107500.0,104095.0,105735.0,13546.0
2025-01-31 07:00:00,CME:BTC1!,105980.0,106945.0,102020.0,102095.0,13151.0
2025-02-03 07:00:00,CME:BTC1!,98445.0,102875.0,91455.0,101965.0,23146.0
2025-02-04 07:00:00,CME:BTC1!,102615.0,102635.0,97035.0,99185.0,12852.0
2025-02-05 07:00:00,CME:BTC1!,98195.0,99735.0,96880.0,97710.0,7679.0
2025-02-06 07:00:00,CME:BTC1!,96990.0,99765.0,96030.0,97285.0,9256.0
2025-02-07 07:00:00,CME:BTC1!,97260.0,100765.0,95890.0,95990.0,11785.0
2025-02-10 07:00:00,CME:BTC1!,95990.0,98755.0,95505.0,97680.0,7178.0
2025-02-11 07:00:00,CME:BTC1!,97725.0,98960.0,95065.0,95425.0,8935.0
2025-02-12 07:00:00,CME:BTC1!,95925.0,98295.0,94285.0,97395.0,9596.0
2025-02-13 07:00:00,CME:BTC1!,98300.0,98440.0,95370.0,96510.0,10729.0
2025-02-14 07:00:00,CME:BTC1!,96640.0,99350.0,96440.0,97555.0,9907.0
2025-02-17 07:00:00,CME:BTC1!,97110.0,97200.0,93305.0,94055.0,15289.0
2025-02-19 07:00:00,CME:BTC1!,95205.0,96890.0,95065.0,96305.0,10523.0
2025-02-20 07:00:00,CME:BTC1!,96890.0,98990.0,96515.0,98705.0,11812.0
2025-02-21 07:00:00,CME:BTC1!,98455.0,99765.0,94580.0,94675.0,20717.0
2025-02-24 07:00:00,CME:BTC1!,95650.0,96625.0,93570.0,93990.0,14306.0
2025-02-25 07:00:00,CME:BTC1!,92755.0,92755.0,85820.0,87945.0,22693.0
2025-02-26 07:00:00,CME:BTC1!,89135.0,89885.0,82625.0,84785.0,13146.0
2025-02-27 07:00:00,CME:BTC1!,84945.0,87525.0,83045.0,83825.0,10352.0
2025-02-28 07:00:00,CME:BTC1!,84965.0,85720.0,78675.0,84650.0,17881.0
2025-03-03 07:00:00,CME:BTC1!,95000.0,95705.0,85485.0,86315.0,14921.0
2025-03-04 07:00:00,CME:BTC1!,86970.0,89380.0,81815.0,87330.0,14112.0
2025-03-05 07:00:00,CME:BTC1!,87825.0,91530.0,86750.0,90935.0,9646.0
2025-03-06 07:00:00,CME:BTC1!,91075.0,93210.0,88155.0,89460.0,9412.0
2025-03-07 07:00:00,CME:BTC1!,90590.0,91665.0,84790.0,87250.0,18525.0
2025-03-10 06:00:00,CME:BTC1!,82110.0,84200.0,77530.0,79025.0,14120.0
2025-03-11 06:00:00,CME:BTC1!,79600.0,83850.0,76735.0,83395.0,11375.0
2025-03-12 06:00:00,CME:BTC1!,83385.0,84650.0,80740.0,83155.0,9080.0
2025-03-13 06:00:00,CME:BTC1!,83335.0,84550.0,80040.0,80245.0,8097.0
2025-03-14 06:00:00,CME:BTC1!,80820.0,85595.0,80760.0,84840.0,10850.0
2025-03-17 06:00:00,CME:BTC1!,82945.0,84925.0,82175.0,84610.0,6936.0
2025-03-18 06:00:00,CME:BTC1!,84225.0,84390.0,81120.0,82230.0,8993.0
2025-03-19 06:00:00,CME:BTC1!,82120.0,86145.0,82075.0,85635.0,10604.0
2025-03-20 06:00:00,CME:BTC1!,86015.0,87650.0,83655.0,84195.0,8120.0
2025-03-21 06:00:00,CME:BTC1!,84415.0,84865.0,83140.0,83955.0,9024.0
2025-03-24 06:00:00,CME:BTC1!,85135.0,88865.0,85135.0,88415.0,12501.0
2025-03-25 06:00:00,CME:BTC1!,88265.0,88595.0,86315.0,88155.0,10595.0
2025-03-26 06:00:00,CME:BTC1!,88490.0,88825.0,86255.0,86965.0,6050.0
2025-03-27 06:00:00,CME:BTC1!,87540.0,88250.0,86200.0,87455.0,7986.0
2025-03-28 06:00:00,CME:BTC1!,87995.0,88050.0,83800.0,84045.0,11000.0
2025-03-31 06:00:00,CME:BTC1!,82505.0,84250.0,81485.0,82710.0,7917.0
2025-04-01 06:00:00,CME:BTC1!,82805.0,85955.0,82485.0,85350.0,11676.0
2025-04-02 06:00:00,CME:BTC1!,85600.0,89020.0,84285.0,87375.0,11509.0
2025-04-03 06:00:00,CME:BTC1!,85135.0,85240.0,81400.0,82165.0,12706.0
2025-04-04 06:00:00,CME:BTC1!,82845.0,85060.0,81890.0,84350.0,14524.0
2025-04-07 06:00:00,CME:BTC1!,79590.0,81450.0,74635.0,78245.0,24238.0
2025-04-08 06:00:00,CME:BTC1!,79490.0,81100.0,76390.0,76815.0,13587.0
2025-04-09 06:00:00,CME:BTC1!,77065.0,83550.0,74655.0,82615.0,17299.0
2025-04-10 06:00:00,CME:BTC1!,83410.0,83880.0,78495.0,79695.0,12134.0
2025-04-11 06:00:00,CME:BTC1!,79750.0,84490.0,79055.0,84095.0,12142.0
2025-04-14 06:00:00,CME:BTC1!,83765.0,86045.0,83205.0,85165.0,7593.0
2025-04-15 06:00:00,CME:BTC1!,85005.0,86755.0,83970.0,84160.0,6196.0
2025-04-16 06:00:00,CME:BTC1!,84435.0,85745.0,83190.0,84535.0,8532.0
2025-04-17 06:00:00,CME:BTC1!,84680.0,85700.0,83905.0,85110.0,8467.0
2025-04-21 06:00:00,CME:BTC1!,85235.0,88785.0,84790.0,87535.0,17367.0
2025-04-22 06:00:00,CME:BTC1!,87450.0,91970.0,87070.0,91660.0,16180.0
2025-04-23 06:00:00,CME:BTC1!,93915.0,95460.0,92730.0,94325.0,9189.0
2025-04-24 06:00:00,CME:BTC1!,94380.0,94640.0,92525.0,94460.0,7139.0
2025-04-25 06:00:00,CME:BTC1!,94300.0,96780.0,93735.0,96200.0,7972.0
2025-04-28 06:00:00,CME:BTC1!,95280.0,96470.0,93550.0,95505.0,7250.0
2025-04-29 06:00:00,CME:BTC1!,95220.0,96275.0,94910.0,95980.0,5127.0
2025-04-30 06:00:00,CME:BTC1!,95410.0,96040.0,93445.0,94695.0,8406.0
2025-05-01 06:00:00,CME:BTC1!,94980.0,98305.0,94635.0,97205.0,9122.0
2025-05-02 06:00:00,CME:BTC1!,97245.0,98615.0,96885.0,97505.0,6982.0
2025-05-05 06:00:00,CME:BTC1!,96455.0,96455.0,93945.0,94730.0,7425.0
2025-05-06 06:00:00,CME:BTC1!,95155.0,95640.0,93685.0,95410.0,5208.0
2025-05-07 06:00:00,CME:BTC1!,95080.0,98200.0,95070.0,96655.0,8984.0
2025-05-08 06:00:00,CME:BTC1!,97720.0,103300.0,97350.0,101780.0,10301.0
2025-05-09 06:00:00,CME:BTC1!,103110.0,104825.0,102785.0,103635.0,7123.0
2025-05-12 06:00:00,CME:BTC1!,104685.0,106270.0,101060.0,102115.0,10215.0
2025-05-13 06:00:00,CME:BTC1!,102865.0,105480.0,101820.0,105265.0,6162.0
2025-05-14 06:00:00,CME:BTC1!,104870.0,104955.0,102930.0,103620.0,6062.0
2025-05-15 06:00:00,CME:BTC1!,103945.0,104590.0,101705.0,103500.0,7004.0
2025-05-16 06:00:00,CME:BTC1!,103660.0,104990.0,103525.0,104425.0,5046.0
2025-05-19 06:00:00,CME:BTC1!,104425.0,107530.0,102350.0,105880.0,11476.0
2025-05-20 06:00:00,CME:BTC1!,105820.0,107680.0,104435.0,107360.0,9238.0
2025-05-21 06:00:00,CME:BTC1!,106885.0,110175.0,106340.0,108960.0,14024.0
2025-05-22 06:00:00,CME:BTC1!,108820.0,112345.0,108605.0,111440.0,12565.0
2025-05-23 06:00:00,CME:BTC1!,111190.0,112060.0,107580.0,108885.0,12169.0
2025-05-26 06:00:00,CME:BTC1!,107540.0,110980.0,107495.0,110025.0,16538.0
2025-05-28 06:00:00,CME:BTC1!,109795.0,110205.0,107450.0,107720.0,7703.0
2025-05-29 06:00:00,CME:BTC1!,108185.0,109795.0,106175.0,106295.0,10879.0
2025-05-30 06:00:00,CME:BTC1!,107090.0,107090.0,104225.0,105130.0,8271.0
2025-06-02 06:00:00,CME:BTC1!,105835.0,106540.0,104100.0,105005.0,6536.0
2025-06-03 06:00:00,CME:BTC1!,105600.0,107495.0,105390.0,106850.0,7557.0
2025-06-04 06:00:00,CME:BTC1!,105920.0,106520.0,104595.0,105485.0,7286.0
2025-06-05 06:00:00,CME:BTC1!,105340.0,106555.0,100815.0,102215.0,12061.0
2025-06-06 06:00:00,CME:BTC1!,101865.0,105945.0,101390.0,104770.0,10118.0
2025-06-09 06:00:00,CME:BTC1!,106550.0,109340.0,105735.0,109125.0,7419.0
2025-06-10 06:00:00,CME:BTC1!,110375.0,110890.0,108720.0,109980.0,7095.0
2025-06-11 06:00:00,CME:BTC1!,110225.0,110855.0,108765.0,109160.0,6715.0
2025-06-12 06:00:00,CME:BTC1!,108785.0,109240.0,106130.0,107095.0,8880.0
2025-06-13 06:00:00,CME:BTC1!,106310.0,106630.0,103010.0,105380.0,11304.0
2025-06-16 06:00:00,CME:BTC1!,105080.0,109250.0,105060.0,108920.0,7846.0
2025-06-17 06:00:00,CME:BTC1!,108930.0,109305.0,103520.0,104910.0,12013.0
2025-06-18 06:00:00,CME:BTC1!,104690.0,105740.0,103620.0,103965.0,7110.0
2025-06-19 06:00:00,CME:BTC1!,105105.0,106725.0,102425.0,103420.0,12592.0
2025-06-23 06:00:00,CME:BTC1!,99640.0,104075.0,99090.0,103295.0,15341.0
2025-06-24 06:00:00,CME:BTC1!,103965.0,106430.0,103850.0,105745.0,11444.0
2025-06-25 06:00:00,CME:BTC1!,106660.0,109000.0,106615.0,108510.0,8626.0
2025-06-26 06:00:00,CME:BTC1!,108265.0,109035.0,107280.0,108275.0,7959.0
2025-06-27 06:00:00,CME:BTC1!,107985.0,108580.0,107050.0,107485.0,7519.0
2025-06-30 06:00:00,CME:BTC1!,108300.0,109565.0,107195.0,108235.0,8524.0
2025-07-01 06:00:00,CME:BTC1!,107770.0,108105.0,105550.0,105750.0,8266.0
2025-07-02 06:00:00,CME:BTC1!,106125.0,110455.0,105440.0,110285.0,12710.0
2025-07-03 06:00:00,CME:BTC1!,110105.0,111220.0,109200.0,110415.0,7713.0
2025-07-04 06:00:00,CME:BTC1!,109640.0,110265.0,107840.0,108455.0,8811.0
2025-07-08 06:00:00,CME:BTC1!,108545.0,109685.0,107680.0,109215.0,6070.0
2025-07-09 06:00:00,CME:BTC1!,109400.0,112590.0,108625.0,112245.0,10179.0
2025-07-10 06:00:00,CME:BTC1!,111425.0,114380.0,110880.0,113870.0,9952.0
2025-07-11 06:00:00,CME:BTC1!,117005.0,119450.0,115635.0,118530.0,13508.0
2025-07-14 06:00:00,CME:BTC1!,119265.0,123615.0,118675.0,120235.0,13303.0
2025-07-15 06:00:00,CME:BTC1!,120325.0,120695.0,116090.0,116740.0,14057.0
2025-07-16 06:00:00,CME:BTC1!,117510.0,120360.0,117255.0,119630.0,12242.0
2025-07-17 06:00:00,CME:BTC1!,119830.0,120265.0,117720.0,119290.0,8349.0
2025-07-18 06:00:00,CME:BTC1!,120600.0,121165.0,117035.0,117565.0,12472.0
2025-07-21 06:00:00,CME:BTC1!,118225.0,119850.0,116635.0,116820.0,13537.0
2025-07-22 06:00:00,CME:BTC1!,117255.0,120535.0,116275.0,119505.0,15169.0
2025-07-23 06:00:00,CME:BTC1!,121000.0,121475.0,118340.0,119475.0,7085.0
2025-07-24 06:00:00,CME:BTC1!,119245.0,120715.0,118240.0,120110.0,8300.0
2025-07-25 06:00:00,CME:BTC1!,119780.0,119880.0,115675.0,117860.0,11239.0
2025-07-28 06:00:00,CME:BTC1!,120065.0,121255.0,118295.0,119010.0,7710.0
2025-07-29 06:00:00,CME:BTC1!,119120.0,120415.0,117715.0,118295.0,6904.0
2025-07-30 06:00:00,CME:BTC1!,118460.0,119740.0,116460.0,117620.0,9059.0
2025-07-31 06:00:00,CME:BTC1!,117985.0,119785.0,117095.0,117435.0,8517.0
2025-08-01 06:00:00,CME:BTC1!,117055.0,117125.0,113440.0,113570.0,13519.0
2025-08-04 06:00:00,CME:BTC1!,114365.0,116315.0,114300.0,115285.0,6446.0
2025-08-05 06:00:00,CME:BTC1!,115700.0,115870.0,113045.0,114155.0,6224.0
2025-08-06 06:00:00,CME:BTC1!,114055.0,116330.0,113860.0,115830.0,5863.0
2025-08-07 06:00:00,CME:BTC1!,115635.0,118240.0,114685.0,118165.0,8082.0
2025-08-08 06:00:00,CME:BTC1!,117750.0,118405.0,116295.0,116955.0,6741.0
2025-08-11 06:00:00,CME:BTC1!,119170.0,122955.0,118975.0,119465.0,11073.0
2025-08-12 06:00:00,CME:BTC1!,119185.0,120755.0,118600.0,120155.0,6998.0
2025-08-13 06:00:00,CME:BTC1!,120435.0,123755.0,119295.0,123430.0,9742.0
2025-08-14 06:00:00,CME:BTC1!,123260.0,125200.0,117610.0,118415.0,14464.0
2025-08-15 06:00:00,CME:BTC1!,118180.0,119810.0,117175.0,117235.0,6722.0
2025-08-18 06:00:00,CME:BTC1!,117995.0,118350.0,114925.0,116600.0,6712.0
2025-08-19 06:00:00,CME:BTC1!,116980.0,117315.0,112820.0,113235.0,9349.0
2025-08-20 06:00:00,CME:BTC1!,113520.0,114640.0,112485.0,114465.0,7322.0
2025-08-21 06:00:00,CME:BTC1!,114520.0,115030.0,112075.0,112285.0,6532.0
2025-08-22 06:00:00,CME:BTC1!,112750.0,117640.0,111805.0,116850.0,14666.0
2025-08-25 06:00:00,CME:BTC1!,113450.0,113800.0,109590.0,110910.0,13329.0
2025-08-26 06:00:00,CME:BTC1!,110005.0,111495.0,108845.0,111230.0,10272.0
2025-08-27 06:00:00,CME:BTC1!,112300.0,113460.0,111100.0,112880.0,6292.0
2025-08-28 06:00:00,CME:BTC1!,112375.0,114225.0,111700.0,112740.0,8159.0
2025-08-29 06:00:00,CME:BTC1!,112845.0,113390.0,108020.0,108775.0,8734.0
2025-09-01 06:00:00,CME:BTC1!,109545.0,112410.0,107790.0,111385.0,10621.0
2025-09-03 06:00:00,CME:BTC1!,111725.0,113215.0,111150.0,112830.0,5467.0
2025-09-04 06:00:00,CME:BTC1!,112710.0,112840.0,109720.0,110245.0,6606.0
2025-09-05 06:00:00,CME:BTC1!,110950.0,113810.0,110480.0,111955.0,9208.0
2025-09-08 06:00:00,CME:BTC1!,111320.0,113420.0,111000.0,112480.0,5280.0
2025-09-09 06:00:00,CME:BTC1!,112820.0,113840.0,111015.0,111695.0,8145.0
2025-09-10 06:00:00,CME:BTC1!,111690.0,114925.0,111230.0,113975.0,9346.0
2025-09-11 06:00:00,CME:BTC1!,114360.0,115195.0,113590.0,114930.0,5866.0
2025-09-12 06:00:00,CME:BTC1!,114915.0,117320.0,114850.0,117265.0,6959.0
2025-09-15 06:00:00,CME:BTC1!,116625.0,117240.0,114635.0,115575.0,7998.0
2025-09-16 06:00:00,CME:BTC1!,115800.0,117335.0,114960.0,117090.0,6283.0
2025-09-17 06:00:00,CME:BTC1!,117205.0,117685.0,114850.0,115825.0,9267.0
2025-09-18 06:00:00,CME:BTC1!,116115.0,118295.0,116115.0,117770.0,9064.0
2025-09-19 06:00:00,CME:BTC1!,117565.0,117795.0,115220.0,115265.0,10741.0
2025-09-22 06:00:00,CME:BTC1!,115525.0,115655.0,111970.0,112250.0,14288.0
2025-09-23 06:00:00,CME:BTC1!,113060.0,113470.0,111550.0,111715.0,11325.0
2025-09-24 06:00:00,CME:BTC1!,112955.0,114895.0,111860.0,114280.0,7186.0
2025-09-25 06:00:00,CME:BTC1!,114255.0,114540.0,109225.0,110020.0,10947.0
2025-09-26 06:00:00,CME:BTC1!,110125.0,110990.0,109270.0,109770.0,6790.0
2025-09-29 06:00:00,CME:BTC1!,111355.0,115340.0,111355.0,115230.0,8691.0
2025-09-30 06:00:00,CME:BTC1!,115045.0,115765.0,113460.0,115185.0,5668.0
2025-10-01 06:00:00,CME:BTC1!,115065.0,119145.0,114570.0,118285.0,7808.0
2025-10-02 06:00:00,CME:BTC1!,118470.0,122040.0,118470.0,121910.0,7472.0
2025-10-03 06:00:00,CME:BTC1!,121295.0,125025.0,120405.0,123635.0,9012.0
2025-10-06 06:00:00,CME:BTC1!,123755.0,127240.0,123745.0,126315.0,8255.0
2025-10-07 06:00:00,CME:BTC1!,126125.0,126295.0,121420.0,122355.0,10266.0
2025-10-08 06:00:00,CME:BTC1!,122820.0,124940.0,121950.0,124070.0,7275.0
2025-10-09 06:00:00,CME:BTC1!,123995.0,124465.0,120370.0,121620.0,8681.0
2025-10-10 06:00:00,CME:BTC1!,122225.0,123270.0,113150.0,116990.0,12111.0
2025-10-13 06:00:00,CME:BTC1!,115750.0,116515.0,114110.0,116380.0,12111.0
2025-10-14 06:00:00,CME:BTC1!,116270.0,116385.0,110295.0,113085.0,11836.0
2025-10-15 06:00:00,CME:BTC1!,113710.0,114040.0,110410.0,111550.0,8352.0
2025-10-16 06:00:00,CME:BTC1!,111080.0,112280.0,107720.0,108445.0,10146.0
2025-10-17 06:00:00,CME:BTC1!,108645.0,109470.0,103745.0,106675.0,11773.0
2025-10-20 06:00:00,CME:BTC1!,109100.0,111945.0,107690.0,111075.0,8615.0
2025-10-21 06:00:00,CME:BTC1!,110845.0,114380.0,107705.0,112105.0,12978.0
2025-10-22 06:00:00,CME:BTC1!,111040.0,111065.0,106950.0,107945.0,12764.0
2025-10-23 06:00:00,CME:BTC1!,107475.0,111555.0,107055.0,110420.0,8957.0
2025-10-24 06:00:00,CME:BTC1!,109920.0,112355.0,109820.0,110740.0,10724.0
2025-10-27 06:00:00,CME:BTC1!,113495.0,116570.0,113495.0,115070.0,13226.0
2025-10-28 06:00:00,CME:BTC1!,114480.0,116285.0,112410.0,113745.0,12376.0
2025-10-29 06:00:00,CME:BTC1!,113685.0,114315.0,109810.0,111140.0,8235.0
2025-10-30 06:00:00,CME:BTC1!,112040.0,112195.0,106735.0,106955.0,10737.0
2025-10-31 06:00:00,CME:BTC1!,108415.0,111630.0,107835.0,110320.0,7573.0
2025-11-03 07:00:00,CME:BTC1!,110370.0,111295.0,105755.0,107070.0,7108.0
2025-11-04 07:00:00,CME:BTC1!,106960.0,107770.0,99250.0,101030.0,12895.0
2025-11-05 07:00:00,CME:BTC1!,101575.0,105030.0,99285.0,104240.0,8481.0
2025-11-06 07:00:00,CME:BTC1!,104150.0,104590.0,100610.0,101210.0,6986.0
2025-11-07 07:00:00,CME:BTC1!,101650.0,104220.0,99425.0,104030.0,8512.0
2025-11-10 07:00:00,CME:BTC1!,105120.0,107030.0,104565.0,106365.0,8084.0
2025-11-11 07:00:00,CME:BTC1!,106410.0,107900.0,102610.0,102955.0,6046.0
2025-11-12 07:00:00,CME:BTC1!,103160.0,105635.0,101020.0,101735.0,6042.0
2025-11-13 07:00:00,CME:BTC1!,102160.0,104305.0,97905.0,98125.0,11064.0
2025-11-14 07:00:00,CME:BTC1!,99705.0,100495.0,94230.0,94365.0,13813.0
2025-11-17 07:00:00,CME:BTC1!,94320.0,96145.0,91315.0,91970.0,11735.0
2025-11-18 07:00:00,CME:BTC1!,92175.0,93960.0,89325.0,92925.0,12227.0
2025-11-19 07:00:00,CME:BTC1!,93185.0,93290.0,88600.0,89580.0,12015.0
2025-11-20 07:00:00,CME:BTC1!,90560.0,93225.0,86075.0,86440.0,15726.0
2025-11-21 07:00:00,CME:BTC1!,88080.0,88150.0,80750.0,84600.0,23894.0
2025-11-24 07:00:00,CME:BTC1!,88220.0,89240.0,85200.0,89175.0,17647.0
2025-11-25 07:00:00,CME:BTC1!,89090.0,89170.0,86460.0,87785.0,8868.0
2025-11-26 07:00:00,CME:BTC1!,87920.0,90900.0,86605.0,90355.0,10753.0
2025-11-27 07:00:00,CME:BTC1!,90940.0,93590.0,90590.0,91065.0,5783.0
2025-12-01 07:00:00,CME:BTC1!,91620.0,91660.0,84120.0,85760.0,12479.0
2025-12-02 07:00:00,CME:BTC1!,86935.0,92705.0,86500.0,91455.0,11104.0
2025-12-03 07:00:00,CME:BTC1!,92300.0,94310.0,91405.0,93265.0,8156.0
2025-12-04 07:00:00,CME:BTC1!,94195.0,94440.0,91165.0,92840.0,5775.0
2025-12-05 07:00:00,CME:BTC1!,92590.0,92995.0,88405.0,89600.0,6582.0
2025-12-08 07:00:00,CME:BTC1!,89820.0,92620.0,89800.0,90990.0,6247.0
2025-12-09 07:00:00,CME:BTC1!,91090.0,94950.0,89770.0,93340.0,8336.0
2025-12-10 07:00:00,CME:BTC1!,93040.0,94800.0,91810.0,92785.0,7892.0
2025-12-11 07:00:00,CME:BTC1!,92715.0,93850.0,89440.0,92010.0,9795.0
2025-12-12 07:00:00,CME:BTC1!,92725.0,93070.0,89640.0,90440.0,7106.0
2025-12-15 07:00:00,CME:BTC1!,88575.0,90250.0,85325.0,85985.0,11232.0
2025-12-16 07:00:00,CME:BTC1!,86305.0,88355.0,85365.0,87795.0,7546.0
2025-12-17 07:00:00,CME:BTC1!,88015.0,90565.0,85405.0,85965.0,11267.0
2025-12-18 07:00:00,CME:BTC1!,86445.0,89660.0,84505.0,84820.0,12690.0
2025-12-19 07:00:00,CME:BTC1!,85585.0,89510.0,85135.0,88060.0,11174.0
2025-12-22 07:00:00,CME:BTC1!,88570.0,90610.0,87870.0,88390.0,11170.0
2025-12-23 07:00:00,CME:BTC1!,89050.0,89450.0,86990.0,88140.0,5766.0
2025-12-24 07:00:00,CME:BTC1!,87835.0,88175.0,86760.0,87750.0,5058.0
2025-12-26 07:00:00,CME:BTC1!,88070.0,90115.0,86915.0,87960.0,7516.0
2025-12-29 07:00:00,CME:BTC1!,88200.0,90990.0,87075.0,87560.0,9215.0
2025-12-30 07:00:00,CME:BTC1!,87670.0,89960.0,87125.0,88260.0,6718.0
2025-12-31 07:00:00,CME:BTC1!,88825.0,89705.0,87470.0,87885.0,5505.0
2026-01-02 07:00:00,CME:BTC1!,88775.0,91555.0,88720.0,90190.0,11637.0
2026-01-05 07:00:00,CME:BTC1!,91595.0,95245.0,91595.0,94585.0,11776.0
2026-01-06 07:00:00,CME:BTC1!,94525.0,94885.0,91460.0,92795.0,10983.0
2026-01-07 07:00:00,CME:BTC1!,93730.0,94190.0,90880.0,91235.0,8553.0
2026-01-08 07:00:00,CME:BTC1!,91280.0,91840.0,89410.0,91105.0,6706.0
2026-01-09 07:00:00,CME:BTC1!,91510.0,92275.0,89825.0,90405.0,7200.0
2026-01-12 07:00:00,CME:BTC1!,90720.0,92830.0,90180.0,91660.0,11248.0
2026-01-13 07:00:00,CME:BTC1!,91330.0,94850.0,91145.0,94715.0,9775.0
2026-01-14 07:00:00,CME:BTC1!,95905.0,98200.0,94790.0,97965.0,11762.0
2026-01-15 07:00:00,CME:BTC1!,97250.0,97700.0,95285.0,95355.0,8313.0
2026-01-16 07:00:00,CME:BTC1!,95660.0,96060.0,94395.0,95665.0,5550.0
2026-01-19 07:00:00,CME:BTC1!,95340.0,95600.0,89255.0,89665.0,12815.0
2026-01-21 07:00:00,CME:BTC1!,88495.0,90600.0,87270.0,90230.0,9814.0
2026-01-22 07:00:00,CME:BTC1!,89890.0,90425.0,88490.0,89445.0,7744.0
2026-01-23 07:00:00,CME:BTC1!,89430.0,91290.0,88550.0,89500.0,11792.0
2026-01-26 07:00:00,CME:BTC1!,86560.0,88875.0,85900.0,87585.0,11652.0
2026-01-27 07:00:00,CME:BTC1!,88065.0,89545.0,87210.0,89390.0,11765.0
2026-01-28 07:00:00,CME:BTC1!,89685.0,90885.0,89140.0,89450.0,8128.0
2026-01-29 07:00:00,CME:BTC1!,89660.0,89740.0,83475.0,84400.0,12323.0
2026-01-30 07:00:00,CME:BTC1!,84545.0,84945.0,81210.0,84105.0,9214.0
2026-02-02 07:00:00,CME:BTC1!,77730.0,79660.0,74785.0,78205.0,15793.0
2026-02-03 07:00:00,CME:BTC1!,79000.0,79435.0,73085.0,76680.0,11127.0
2026-02-04 07:00:00,CME:BTC1!,75825.0,77110.0,72170.0,73570.0,10571.0
2026-02-05 07:00:00,CME:BTC1!,72550.0,73575.0,62480.0,63795.0,23247.0
2026-02-06 07:00:00,CME:BTC1!,64065.0,71690.0,60005.0,70260.0,23011.0
2026-02-09 07:00:00,CME:BTC1!,71310.0,72760.0,68400.0,70945.0,9395.0
2026-02-10 07:00:00,CME:BTC1!,70520.0,70740.0,68000.0,68935.0,6476.0
2026-02-11 07:00:00,CME:BTC1!,68810.0,69415.0,65825.0,67715.0,9000.0
2026-02-12 07:00:00,CME:BTC1!,67635.0,68520.0,65200.0,65500.0,9747.0
2026-02-13 07:00:00,CME:BTC1!,66240.0,69580.0,65970.0,68835.0,9563.0
2026-02-16 07:00:00,CME:BTC1!,69120.0,70170.0,66635.0,67865.0,10389.0
2026-02-18 07:00:00,CME:BTC1!,67625.0,68570.0,65895.0,66330.0,7503.0
2026-02-19 07:00:00,CME:BTC1!,66425.0,67400.0,65680.0,67205.0,7266.0
2026-02-20 07:00:00,CME:BTC1!,66970.0,68450.0,66565.0,67825.0,10745.0
2026-02-23 07:00:00,CME:BTC1!,67665.0,67760.0,63940.0,64510.0,16367.0
2026-02-24 07:00:00,CME:BTC1!,64655.0,65060.0,62590.0,64545.0,12706.0
2026-02-25 07:00:00,CME:BTC1!,64490.0,70425.0,64210.0,69515.0,11106.0
2026-02-26 07:00:00,CME:BTC1!,68835.0,69195.0,66805.0,67770.0,10461.0
2026-02-27 07:00:00,CME:BTC1!,67700.0,68560.0,65390.0,65880.0,8151.0
2026-03-02 07:00:00,CME:BTC1!,65405.0,70445.0,65000.0,69480.0,16467.0
2026-03-03 07:00:00,CME:BTC1!,69545.0,69740.0,66385.0,68465.0,12016.0
2026-03-04 07:00:00,CME:BTC1!,68600.0,74365.0,67615.0,73445.0,15851.0
2026-03-05 07:00:00,CME:BTC1!,73075.0,73825.0,70845.0,71530.0,9707.0
2026-03-06 07:00:00,CME:BTC1!,71390.0,71645.0,67860.0,68295.0,8776.0
2026-03-09 06:00:00,CME:BTC1!,67085.0,69750.0,65685.0,69205.0,9896.0
2026-03-10 06:00:00,CME:BTC1!,69175.0,72030.0,68485.0,70195.0,10488.0
2026-03-11 06:00:00,CME:BTC1!,70005.0,71560.0,69080.0,70825.0,6439.0
2026-03-12 06:00:00,CME:BTC1!,70910.0,71145.0,69345.0,70645.0,7015.0
2026-03-13 06:00:00,CME:BTC1!,70445.0,74210.0,70200.0,71325.0,13564.0
2026-03-16 06:00:00,CME:BTC1!,73930.0,74745.0,73105.0,74120.0,9491.0
2026-03-17 06:00:00,CME:BTC1!,74655.0,76190.0,73305.0,74685.0,7725.0
2026-03-18 06:00:00,CME:BTC1!,74765.0,74895.0,70585.0,71115.0,10535.0
2026-03-19 06:00:00,CME:BTC1!,71275.0,71755.0,68835.0,70360.0,7332.0
2026-03-20 06:00:00,CME:BTC1!,70430.0,71480.0,69440.0,70220.0,9261.0
2026-03-23 06:00:00,CME:BTC1!,67995.0,71860.0,67460.0,70735.0,13508.0
2026-03-24 06:00:00,CME:BTC1!,70980.0,71490.0,68915.0,69355.0,12370.0
2026-03-25 06:00:00,CME:BTC1!,70555.0,72315.0,70405.0,71140.0,9250.0
2026-03-26 06:00:00,CME:BTC1!,71350.0,71820.0,68340.0,68770.0,10328.0
2026-03-27 06:00:00,CME:BTC1!,69200.0,69315.0,65710.0,66225.0,8861.0
2026-03-30 06:00:00,CME:BTC1!,66765.0,68420.0,65090.0,66675.0,7722.0
2026-03-31 06:00:00,CME:BTC1!,67200.0,68805.0,66125.0,68035.0,9439.0
2026-04-01 06:00:00,CME:BTC1!,68510.0,69585.0,67750.0,68340.0,6794.0
2026-04-02 06:00:00,CME:BTC1!,68500.0,68875.0,65850.0,67180.0,9204.0
2026-04-03 06:00:00,CME:BTC1!,67170.0,67625.0,66480.0,67135.0,1237.0
2026-04-06 06:00:00,CME:BTC1!,67755.0,70600.0,67570.0,69945.0,10100.0
2026-04-07 06:00:00,CME:BTC1!,69780.0,69795.0,67835.0,69170.0,8612.0
2026-04-08 06:00:00,CME:BTC1!,70055.0,73080.0,70055.0,71475.0,12839.0
2026-04-09 06:00:00,CME:BTC1!,71690.0,72800.0,70650.0,72290.0,7342.0
2026-04-10 06:00:00,CME:BTC1!,72510.0,73820.0,71570.0,73485.0,7194.0
2026-04-13 06:00:00,CME:BTC1!,71520.0,73660.0,70535.0,73505.0,9210.0
2026-04-14 06:00:00,CME:BTC1!,73400.0,76320.0,73400.0,74400.0,12253.0
2026-04-15 06:00:00,CME:BTC1!,74370.0,75445.0,73420.0,75175.0,7128.0
2026-04-16 06:00:00,CME:BTC1!,75160.0,75655.0,73185.0,75510.0,7104.0
2026-04-17 06:00:00,CME:BTC1!,75205.0,78545.0,74645.0,77600.0,14595.0
2026-04-20 06:00:00,CME:BTC1!,74600.0,76685.0,73810.0,76380.0,12610.0
2026-04-21 06:00:00,CME:BTC1!,76100.0,77030.0,74860.0,75060.0,10863.0
2026-04-22 06:00:00,CME:BTC1!,75865.0,80000.0,75810.0,79370.0,12552.0
2026-04-23 06:00:00,CME:BTC1!,79285.0,79285.0,77335.0,78235.0,9047.0
2026-04-24 06:00:00,CME:BTC1!,78395.0,79095.0,77690.0,78015.0,8463.0
2026-04-27 06:00:00,CME:BTC1!,78690.0,79930.0,76770.0,77190.0,8382.0
2026-04-28 06:00:00,CME:BTC1!,77065.0,77840.0,75935.0,76660.0,4947.0
2026-04-29 06:00:00,CME:BTC1!,76770.0,78325.0,75130.0,75775.0,7923.0
2026-04-30 06:00:00,CME:BTC1!,76100.0,77030.0,75655.0,76740.0,4457.0
2026-05-01 06:00:00,CME:BTC1!,76605.0,79420.0,76515.0,78775.0,10055.0
2026-05-04 06:00:00,CME:BTC1!,78925.0,81155.0,78545.0,80390.0,12183.0
2026-05-05 06:00:00,CME:BTC1!,80550.0,82120.0,80040.0,81945.0,6999.0
2026-05-06 06:00:00,CME:BTC1!,81855.0,83215.0,81005.0,81735.0,8144.0
2026-05-07 06:00:00,CME:BTC1!,81770.0,81995.0,79645.0,80345.0,7456.0
2026-05-08 06:00:00,CME:BTC1!,79905.0,80730.0,79370.0,80385.0,5723.0
2026-05-11 06:00:00,CME:BTC1!,80895.0,82725.0,80585.0,82185.0,9574.0
2026-05-12 06:00:00,CME:BTC1!,82115.0,82215.0,79950.0,80995.0,6259.0
2026-05-13 06:00:00,CME:BTC1!,80875.0,81530.0,78815.0,79745.0,9232.0
2026-05-14 06:00:00,CME:BTC1!,79565.0,82310.0,78985.0,81620.0,11911.0
2026-05-15 06:00:00,CME:BTC1!,81555.0,81895.0,78675.0,79210.0,11959.0
2026-05-18 06:00:00,CME:BTC1!,78325.0,78495.0,76020.0,76895.0,10397.0
2026-05-19 06:00:00,CME:BTC1!,77080.0,77425.0,76120.0,76835.0,5778.0
2026-05-20 06:00:00,CME:BTC1!,77090.0,77920.0,76465.0,77705.0,7011.0
2026-05-21 06:00:00,CME:BTC1!,77470.0,78275.0,76655.0,77695.0,10415.0
2026-05-22 06:00:00,CME:BTC1!,77650.0,77940.0,75590.0,75775.0,10268.0
2026-05-25 06:00:00,CME:BTC1!,76485.0,78085.0,75620.0,75895.0,17858.0
2026-05-27 06:00:00,CME:BTC1!,76120.0,76275.0,74810.0,75170.0,8588.0
2026-05-28 06:00:00,CME:BTC1!,74680.0,74830.0,72655.0,73620.0,9807.0
2026-05-29 06:00:00,CME:BTC1!,74090.0,74535.0,72595.0,73715.0,7499.0
2026-05-30 05:00:00,CME:BTC1!,74055.0,74385.0,70750.0,71735.0,8923.0
2026-06-02 05:00:00,CME:BTC1!,71155.0,71705.0,66525.0,67395.0,10345.0
2026-06-03 05:00:00,CME:BTC1!,67635.0,67635.0,64905.0,65585.0,9824.0
2026-06-04 05:00:00,CME:BTC1!,65885.0,65925.0,61545.0,63795.0,13911.0
2026-06-05 05:00:00,CME:BTC1!,63400.0,64050.0,59275.0,60515.0,16863.0
2026-06-06 05:00:00,CME:BTC1!,62000.0,64365.0,61950.0,63475.0,7225.0
2026-06-09 05:00:00,CME:BTC1!,63845.0,63845.0,60805.0,62170.0,9028.0
2026-06-10 05:00:00,CME:BTC1!,61835.0,62970.0,60790.0,62030.0,7526.0
2026-06-11 05:00:00,CME:BTC1!,61375.0,63985.0,61150.0,63675.0,8096.0
2026-06-12 05:00:00,CME:BTC1!,63595.0,64485.0,62835.0,63660.0,8069.0
2026-06-13 05:00:00,CME:BTC1!,65405.0,67360.0,65045.0,66575.0,7682.0
2026-06-16 05:00:00,CME:BTC1!,66415.0,67010.0,65360.0,65700.0,5256.0
2026-06-17 05:00:00,CME:BTC1!,65705.0,66500.0,64010.0,64270.0,8783.0
2026-06-18 05:00:00,CME:BTC1!,64220.0,64830.0,62235.0,62945.0,11743.0
2026-06-19 05:00:00,CME:BTC1!,63775.0,65600.0,63215.0,64450.0,14358.0
2026-06-23 05:00:00,CME:BTC1!,64310.0,64360.0,61890.0,62365.0,11516.0
2026-06-24 05:00:00,CME:BTC1!,62800.0,63310.0,59220.0,60090.0,11655.0
2026-06-25 05:00:00,CME:BTC1!,61300.0,62155.0,58190.0,59435.0,10170.0
2026-06-26 05:00:00,CME:BTC1!,60275.0,60900.0,58505.0,59995.0,9944.0
2026-06-27 05:00:00,CME:BTC1!,59435.0,61125.0,58945.0,60555.0,10301.0
2026-06-30 05:00:00,CME:BTC1!,60640.0,60640.0,58225.0,58900.0,7355.0
2026-07-01 05:00:00,CME:BTC1!,58760.0,60975.0,57850.0,60180.0,9360.0
2026-07-02 05:00:00,CME:BTC1!,61020.0,62420.0,59710.0,61655.0,7990.0
2026-07-03 05:00:00,CME:BTC1!,63275.0,64770.0,61430.0,63885.0,13483.0
2026-07-07 05:00:00,CME:BTC1!,64580.0,64635.0,62760.0,63980.0,7052.0
2026-07-08 05:00:00,CME:BTC1!,63460.0,63930.0,61645.0,62430.0,7468.0
2026-07-09 05:00:00,CME:BTC1!,62400.0,63670.0,61795.0,63385.0,6436.0
2026-07-10 05:00:00,CME:BTC1!,63400.0,64915.0,63070.0,64085.0,7231.0
2026-07-11 05:00:00,CME:BTC1!,64085.0,64570.0,61865.0,62350.0,9706.0
2026-07-14 05:00:00,CME:BTC1!,62135.0,65450.0,61930.0,64715.0,10198.0
2026-07-15 05:00:00,CME:BTC1!,64800.0,65740.0,64585.0,65085.0,6636.0
2026-07-16 05:00:00,CME:BTC1!,64975.0,65105.0,63920.0,64385.0,4773.0
2026-07-17 05:00:00,CME:BTC1!,64335.0,64525.0,62570.0,64270.0,7417.0
2026-07-18 05:00:00,CME:BTC1!,64485.0,65890.0,63820.0,65185.0,8793.0
2026-07-21 05:00:00,CME:BTC1!,65295.0,67095.0,65165.0,66520.0,8577.0
2026-07-22 05:00:00,CME:BTC1!,66420.0,66840.0,65570.0,66010.0,5126.0
2026-07-23 05:00:00,CME:BTC1!,66100.0,66385.0,64650.0,64855.0,6244.0
2026-07-24 05:00:00,CME:BTC1!,65150.0,65895.0,63680.0,64215.0,9705.0
2026-07-25 05:00:00,CME:BTC1!,64870.0,66075.0,64415.0,64965.0,10658.0
2026-07-28 05:00:00,CME:BTC1!,64665.0,64665.0,62680.0,63870.0,10816.0
2026-07-29 05:00:00,CME:BTC1!,64165.0,65000.0,63535.0,63770.0,8595.0
2026-07-30 05:00:00,CME:BTC1!,64035.0,65435.0,63765.0,65085.0,8887.0
2026-07-31 05:00:00,CME:BTC1!,64995.0,65800.0,62400.0,63130.0,12001.0
2026-08-01 05:00:00,CME:BTC1!,63720.0,64315.0,62350.0,64085.0,10172.0
2026-08-04 05:00:00,CME:BTC1!,63835.0,64635.0,63550.0,64485.0,8846.0
2026-08-05 05:00:00,CME:BTC1!,64430.0,65285.0,64045.0,65080.0,6517.0
2026-08-06 05:00:00,CME:BTC1!,64910.0,65255.0,64315.0,64620.0,5230.0
2026-08-07 05:00:00,CME:BTC1!,64585.0,66020.0,64290.0,65175.0,7840.0
2026-08-08 05:00:00,CME:BTC1!,65375.0,65700.0,63865.0,64120.0,8953.0
2026-08-11 05:00:00,CME:BTC1!,64035.0,64610.0,63260.0,63600.0,6724.0
2026-08-12 05:00:00,CME:BTC1!,63700.0,64675.0,63355.0,63455.0,7259.0
2026-08-13 05:00:00,CME:BTC1!,63520.0,64115.0,62865.0,63475.0,8495.0
2026-08-14 05:00:00,CME:BTC1!,63560.0,63715.0,62520.0,62975.0,8419.0
2026-08-15 05:00:00,CME:BTC1!,62890.0,64725.0,62700.0,64410.0,13591.0
2026-08-18 05:00:00,CME:BTC1!,64510.0,65190.0,64070.0,64715.0,7458.0
2026-08-19 05:00:00,CME:BTC1!,64645.0,70130.0,64185.0,68575.0,19634.0
2026-08-20 05:00:00,CME:BTC1!,69870.0,73230.0,69100.0,72790.0,17387.0
2026-08-21 05:00:00,CME:BTC1!,72895.0,79625.0,72670.0,77180.0,19670.0
2026-08-22 05:00:00,CME:BTC1!,78025.0,80115.0,76810.0,78850.0,15487.0
2026-08-25 05:00:00,CME:BTC1!,79030.0,81350.0,78140.0,79010.0,13097.0
2026-08-26 05:00:00,CME:BTC1!,79025.0,79715.0,78020.0,78880.0,8931.0
2026-08-27 05:00:00,CME:BTC1!,79125.0,81250.0,78940.0,80280.0,11209.0
2026-08-28 05:00:00,CME:BTC1!,80650.0,81925.0,77165.0,77835.0,13508.0
2026-08-29 05:00:00,CME:BTC1!,78850.0,79600.0,77320.0,79245.0,9.0
2026-09-01 05:00:00,CME:BTC1!,79140.0,79530.0,77695.0,77740.0,4004.0
